C_per,Si_per,Mn_per,P_per,S_per,Cu_per,Mg_per,Hardness_BHN,Nodularity_per,Pearlite_per,Ferrite_per,Nodule_Count,Sand_AFS_Fresh,Sand_AFS_Returned,Clay_Fresh,Clay_Returned,FRS,KOS,PH_Fresh_Sand,PH_Returned_Sand ,Sand_temp,RT_Hum,Hum_per,Stripping,Viscosity,Baume ,Remarks
3.912,2.771,0.458,0.055,0.033,0.652,0.052,148,70.21,58.81,41.19,250,39.48,38.67,0.34,0.32,0.34,1.59,8.15,9.35,35,30,59,36,39,54,0
3.447,2.465,0.358,0.012,0.008,0.313,0.052,190,80.73,58.81,41.19,305,39.48,38.67,0.34,0.32,0.34,1.59,8.15,9.35,35,30,59,36,39,54,0
3.447,2.465,0.358,0.012,0.008,0.313,0.052,190,80.73,58.81,41.19,305,39.48,38.67,0.34,0.32,0.34,1.59,8.15,9.35,35,30,59,36,39,54,1
3.447,2.465,0.358,0.012,0.008,0.313,0.052,190,80.73,58.81,41.19,305,39.48,38.67,0.34,0.32,0.34,1.59,8.15,9.35,35,30,59,36,39,54,1
3.447,2.465,0.358,0.012,0.008,0.313,0.052,190,80.73,58.81,41.19,305,39.48,38.67,0.34,0.32,0.34,1.59,8.15,9.35,35,30,59,36,39,54,1
3.447,2.465,0.358,0.012,0.008,0.313,0.052,190,80.73,58.81,41.19,305,39.48,38.67,0.34,0.32,0.34,1.59,8.15,9.35,35,30,59,36,39,54,1
3.012,2.156,0.111,0.032,0.011,0.256,0.048,152,81.77,4.7,95.3,306,39.48,38.67,0.34,0.32,0.34,1.59,8.15,9.35,35,30,59,35,39,54,0
3.501,2.364,0.26,0.019,0.008,0.047,0.048,152,81.77,4.7,95.3,306,39.48,38.67,0.34,0.32,0.34,1.59,8.15,9.35,35,30,59,35,39,54,0
3.501,2.364,0.26,0.019,0.008,0.047,0.048,152,81.77,4.7,95.3,306,39.48,38.67,0.34,0.32,0.34,1.59,8.15,9.35,35,30,59,35,39,54,1
3.501,2.364,0.26,0.019,0.008,0.047,0.048,152,81.77,4.7,95.3,306,39.48,38.67,0.34,0.32,0.34,1.59,8.15,9.35,35,30,59,35,39,54,1
3.501,2.364,0.26,0.019,0.008,0.047,0.048,152,81.77,4.7,95.3,306,39.48,38.67,0.34,0.32,0.34,1.59,8.15,9.35,35,30,59,35,39,54,1
3.501,2.364,0.26,0.019,0.008,0.047,0.048,152,81.77,4.7,95.3,306,39.48,38.67,0.34,0.32,0.34,1.59,8.15,9.35,35,30,59,35,39,54,1
3.159,2.874,0.412,0.042,0.032,0.789,0.045,150,82.11,63.64,36.37,316,39.48,38.67,0.34,0.32,0.34,1.59,8.15,9.35,35,30,59,34,39,54,0
3.391,2.494,0.351,0.016,0.008,0.282,0.045,201,82.11,63.64,36.37,316,39.48,38.67,0.34,0.32,0.34,1.59,8.15,9.35,35,30,59,34,39,54,0
3.391,2.494,0.351,0.016,0.008,0.282,0.045,201,82.11,63.64,36.37,316,39.48,38.67,0.34,0.32,0.34,1.59,8.15,9.35,35,30,59,34,39,54,1
3.391,2.494,0.351,0.016,0.008,0.282,0.045,201,82.11,63.64,36.37,316,39.48,38.67,0.34,0.32,0.34,1.59,8.15,9.35,35,30,59,34,39,54,1
3.391,2.494,0.351,0.016,0.008,0.282,0.045,201,82.11,63.64,36.37,316,39.48,38.67,0.34,0.32,0.34,1.59,8.15,9.35,35,30,59,34,39,54,1
3.391,2.494,0.351,0.016,0.008,0.282,0.045,201,82.11,63.64,36.37,316,39.48,38.67,0.34,0.32,0.34,1.59,8.15,9.35,35,30,59,34,39,54,1
3.001,2.189,0.012,0.004,0.002,0.235,0.044,157,75.25,8.15,91.84,297,39.48,38.67,0.34,0.32,0.34,1.59,8.15,9.35,35,30,59,33,39,54,0
3.504,2.303,0.253,0.018,0.008,0.038,0.044,157,83.44,8.15,91.84,297,39.48,38.67,0.34,0.32,0.34,1.59,8.15,9.35,35,30,59,33,39,54,0
3.504,2.303,0.253,0.018,0.008,0.038,0.044,157,83.44,8.15,91.84,297,39.48,38.67,0.34,0.32,0.34,1.59,8.15,9.35,35,30,59,33,39,54,1
3.504,2.303,0.253,0.018,0.008,0.038,0.044,157,83.44,8.15,91.84,297,39.48,38.67,0.34,0.32,0.34,1.59,8.15,9.35,35,30,59,33,39,54,1
3.504,2.303,0.253,0.018,0.008,0.038,0.044,157,83.44,8.15,91.84,297,39.48,38.67,0.34,0.32,0.34,1.59,8.15,9.35,35,30,59,33,39,54,1
3.504,2.303,0.253,0.018,0.008,0.038,0.044,157,83.44,8.15,91.84,297,39.48,38.67,0.34,0.32,0.34,1.59,8.15,9.35,35,30,59,33,39,54,1
3.123,2.135,0.145,0.004,0.003,0.145,0.043,145,80.48,60.32,39.69,301,39.48,38.67,0.34,0.32,0.34,1.59,8.15,9.35,35,30,59,32,39,54,0
3.36,2.609,0.39,0.013,0.008,0.309,0.043,198,80.48,60.32,39.69,301,39.48,38.67,0.34,0.32,0.34,1.59,8.15,9.35,35,30,59,32,39,54,0
3.36,2.609,0.39,0.013,0.008,0.309,0.043,198,80.48,60.32,39.69,301,39.48,38.67,0.34,0.32,0.34,1.59,8.15,9.35,35,30,59,32,39,54,1
3.36,2.609,0.39,0.013,0.008,0.309,0.043,198,80.48,60.32,39.69,301,39.48,38.67,0.34,0.32,0.34,1.59,8.15,9.35,35,30,59,32,39,54,1
3.36,2.609,0.39,0.013,0.008,0.309,0.043,198,80.48,60.32,39.69,301,39.48,38.67,0.34,0.32,0.34,1.59,8.15,9.35,35,30,59,32,39,54,1
3.36,2.609,0.39,0.013,0.008,0.309,0.043,198,80.48,60.32,39.69,301,39.48,38.67,0.34,0.32,0.34,1.59,8.15,9.35,35,30,59,32,39,54,1
3.654,2.825,0.652,0.09,0.042,0.921,0.05,185,83.45,73.08,26.92,274,39.48,38.67,0.34,0.32,0.32,1.64,7.55,9.3,36,31,46,29,35,55,0
3.389,2.513,0.396,0.014,0.008,0.64,0.05,226,83.45,73.08,26.92,274,39.48,38.67,0.34,0.32,0.32,1.64,7.55,9.3,36,31,46,29,35,55,0
3.389,2.513,0.396,0.014,0.008,0.64,0.05,226,83.45,73.08,26.92,274,39.48,38.67,0.34,0.32,0.32,1.64,7.55,9.3,36,31,46,29,35,55,1
3.389,2.513,0.396,0.014,0.008,0.64,0.05,226,83.45,73.08,26.92,274,39.48,38.67,0.34,0.32,0.32,1.64,7.55,9.3,36,31,46,29,35,55,1
3.389,2.513,0.396,0.014,0.008,0.64,0.05,226,83.45,73.08,26.92,274,39.48,38.67,0.34,0.32,0.32,1.64,7.55,9.3,36,31,46,29,35,55,1
3.389,2.513,0.396,0.014,0.008,0.64,0.05,226,83.45,73.08,26.92,274,39.48,38.67,0.34,0.32,0.32,1.64,7.55,9.3,36,31,46,29,35,55,1
3.105,2.198,0.416,0.057,0.0412,0.325,0.051,162,81.14,12.11,87.89,302,39.48,38.67,0.34,0.32,0.32,1.64,7.55,9.3,36,31,46,28,35,55,0
3.583,2.391,0.273,0.014,0.01,0.081,0.051,162,81.14,12.11,87.89,302,39.48,38.67,0.34,0.32,0.32,1.64,7.55,9.3,36,31,46,28,35,55,0
3.583,2.391,0.273,0.014,0.01,0.081,0.051,162,81.14,12.11,87.89,302,39.48,38.67,0.34,0.32,0.32,1.64,7.55,9.3,36,31,46,28,35,55,1
3.583,2.391,0.273,0.014,0.01,0.081,0.051,162,81.14,12.11,87.89,302,39.48,38.67,0.34,0.32,0.32,1.64,7.55,9.3,36,31,46,28,35,55,1
3.583,2.391,0.273,0.014,0.01,0.081,0.051,162,81.14,12.11,87.89,302,39.48,38.67,0.34,0.32,0.32,1.64,7.55,9.3,36,31,46,28,35,55,1
3.583,2.391,0.273,0.014,0.01,0.081,0.051,162,81.14,12.11,87.89,302,39.48,38.67,0.34,0.32,0.32,1.64,7.55,9.3,36,31,46,28,35,55,1
3.142,2.744,0.587,0.087,0.032,0.879,0.04,271,83.98,77.35,22.66,349,39.48,38.67,0.34,0.32,0.32,1.64,7.55,9.3,36,31,46,27,35,55,0
3.515,2.658,0.442,0.01,0.009,0.614,0.04,228,83.98,77.35,22.66,349,39.48,38.67,0.34,0.32,0.32,1.64,7.55,9.3,36,31,46,27,35,55,0
3.515,2.658,0.442,0.01,0.009,0.614,0.04,228,83.98,77.35,22.66,349,39.48,38.67,0.34,0.32,0.32,1.64,7.55,9.3,36,31,46,27,35,55,1
3.515,2.658,0.442,0.01,0.009,0.614,0.04,228,83.98,77.35,22.66,349,39.48,38.67,0.34,0.32,0.32,1.64,7.55,9.3,36,31,46,27,35,55,1
3.515,2.658,0.442,0.01,0.009,0.614,0.04,228,83.98,77.35,22.66,349,39.48,38.67,0.34,0.32,0.32,1.64,7.55,9.3,36,31,46,27,35,55,1
3.515,2.658,0.442,0.01,0.009,0.614,0.04,228,83.98,77.35,22.66,349,39.48,38.67,0.34,0.32,0.32,1.64,7.55,9.3,36,31,46,27,35,55,1
3.809,2.861,0.415,0.056,0.032,0.712,0.052,157,74.23,65.45,34.54,150,39.48,38.67,0.34,0.32,0.32,1.64,7.55,9.3,36,31,46,26,35,55,0
3.444,2.397,0.4,0.011,0.008,0.313,0.05,204,83.27,65.45,34.54,391,39.48,38.67,0.34,0.32,0.32,1.64,7.55,9.3,36,31,46,26,35,55,0
3.444,2.397,0.4,0.011,0.008,0.313,0.05,204,83.27,65.45,34.54,391,39.48,38.67,0.34,0.32,0.32,1.64,7.55,9.3,36,31,46,26,35,55,1
3.444,2.397,0.4,0.011,0.008,0.313,0.05,204,83.27,65.45,34.54,391,39.48,38.67,0.34,0.32,0.32,1.64,7.55,9.3,36,31,46,26,35,55,1
3.444,2.397,0.4,0.011,0.008,0.313,0.05,204,83.27,65.45,34.54,391,39.48,38.67,0.34,0.32,0.32,1.64,7.55,9.3,36,31,46,26,35,55,1
3.444,2.397,0.4,0.011,0.008,0.313,0.05,204,83.27,65.45,34.54,391,39.48,38.67,0.34,0.32,0.32,1.64,7.55,9.3,36,31,46,26,35,55,1
3.885,2.815,0.412,0.052,0.035,0.125,0.036,149,76.21,71.37,28.64,155,39.48,38.67,0.34,0.32,0.32,1.64,7.55,9.3,36,31,46,25,35,55,0
3.335,2.519,0.333,0.009,0.01,0.326,0.036,207,82.69,71.37,28.64,277,39.48,38.67,0.34,0.32,0.32,1.64,7.55,9.3,36,31,46,25,35,55,0
3.335,2.519,0.333,0.009,0.01,0.326,0.036,207,82.69,71.37,28.64,277,39.48,38.67,0.34,0.32,0.32,1.64,7.55,9.3,36,31,46,25,35,55,1
3.335,2.519,0.333,0.009,0.01,0.326,0.036,207,82.69,71.37,28.64,277,39.48,38.67,0.34,0.32,0.32,1.64,7.55,9.3,36,31,46,25,35,55,1
3.335,2.519,0.333,0.009,0.01,0.326,0.036,207,82.69,71.37,28.64,277,39.48,38.67,0.34,0.32,0.32,1.64,7.55,9.3,36,31,46,25,35,55,1
3.335,2.519,0.333,0.009,0.01,0.326,0.036,207,82.69,71.37,28.64,277,39.48,38.67,0.34,0.32,0.32,1.64,7.55,9.3,36,31,46,25,35,55,1
3.712,2.198,0.308,0.004,0.032,0.004,0.024,128,81.58,13.13,86.87,279,37.2,38.42,0.36,0.32,0.34,1.56,7.25,9.4,34,35,38,24,35,55,0
3.512,2.424,0.241,0.012,0.009,0.065,0.045,168,81.58,13.13,86.87,279,37.2,38.42,0.36,0.32,0.34,1.56,7.25,9.4,34,35,38,24,35,55,1
3.512,2.424,0.241,0.012,0.009,0.065,0.045,168,81.58,13.13,86.87,279,37.2,38.42,0.36,0.32,0.34,1.56,7.25,9.4,34,35,38,24,35,55,1
3.512,2.424,0.241,0.012,0.009,0.065,0.045,168,81.58,13.13,86.87,279,37.2,38.42,0.36,0.32,0.34,1.56,7.25,9.4,34,35,38,24,35,55,1
3.512,2.424,0.241,0.012,0.009,0.065,0.045,168,81.58,13.13,86.87,279,37.2,38.42,0.36,0.32,0.34,1.56,7.25,9.4,34,35,38,24,35,55,1
3.029,2.156,0.412,0.051,0.032,0.001,0.046,125,82.21,6.47,93.52,310,40.37,37.75,0.36,0.28,0.32,1.52,7.35,9.25,39,31,48,24,38,51,0
3.382,2.56,0.288,0.015,0.008,0.076,0.046,155,82.21,6.47,93.52,310,40.37,37.75,0.36,0.28,0.32,1.52,7.35,9.25,39,31,48,24,38,51,0
3.382,2.56,0.288,0.015,0.008,0.076,0.046,155,82.21,6.47,93.52,310,40.37,37.75,0.36,0.28,0.32,1.52,7.35,9.25,39,31,48,24,38,51,1
3.382,2.56,0.288,0.015,0.008,0.076,0.046,155,82.21,6.47,93.52,310,40.37,37.75,0.36,0.28,0.32,1.52,7.35,9.25,39,31,48,24,38,51,1
3.382,2.56,0.288,0.015,0.008,0.076,0.046,155,82.21,6.47,93.52,310,40.37,37.75,0.36,0.28,0.32,1.52,7.35,9.25,39,31,48,24,38,51,1
3.382,2.56,0.288,0.015,0.008,0.076,0.046,155,82.21,6.47,93.52,310,40.37,37.75,0.36,0.28,0.32,1.52,7.35,9.25,39,31,48,24,38,51,1
3.723,2.196,0.095,0.062,0.034,0.204,0.064,128,81.14,10.5,89.5,302,40.57,38.28,0.38,0.3,0.32,1.52,7.2,9.3,37,28,32,24,36,55,0
3.12,2.14,0.14,0.002,0.004,0.14,0.058,159,76.97,68.27,31.73,259,40.37,37.75,0.36,0.28,0.32,1.56,7.2,9.15,38,29,40,24,35,54,0
3.484,2.433,0.212,0.014,0.008,0.042,0.045,160,81.14,10.5,89.5,302,40.57,38.28,0.38,0.3,0.32,1.52,7.2,9.3,37,28,32,24,36,55,1
3.479,2.568,0.309,0.015,0.008,0.341,0.051,205,82.27,68.27,31.73,259,40.37,37.75,0.36,0.28,0.32,1.56,7.2,9.15,38,29,40,24,35,54,1
3.484,2.433,0.212,0.014,0.008,0.042,0.045,160,81.14,10.5,89.5,302,40.57,38.28,0.38,0.3,0.32,1.52,7.2,9.3,37,28,32,24,36,55,1
3.479,2.568,0.309,0.015,0.008,0.341,0.051,205,82.27,68.27,31.73,259,40.37,37.75,0.36,0.28,0.32,1.56,7.2,9.15,38,29,40,24,35,54,1
3.484,2.433,0.212,0.014,0.008,0.042,0.045,160,81.14,10.5,89.5,302,40.57,38.28,0.38,0.3,0.32,1.52,7.2,9.3,37,28,32,24,36,55,1
3.479,2.568,0.309,0.015,0.008,0.341,0.051,205,82.27,68.27,31.73,259,40.37,37.75,0.36,0.28,0.32,1.56,7.2,9.15,38,29,40,24,35,54,1
3.484,2.433,0.212,0.014,0.008,0.042,0.045,160,81.14,10.5,89.5,302,40.57,38.28,0.38,0.3,0.32,1.52,7.2,9.3,37,28,32,24,36,55,1
3.479,2.568,0.309,0.015,0.008,0.341,0.051,205,82.27,68.27,31.73,259,40.37,37.75,0.36,0.28,0.32,1.56,7.2,9.15,38,29,40,24,35,54,1
3.123,2.898,0.025,0.09,0.004,0.04,0.054,242,83.86,89.93,41.07,331,40.37,37.75,0.36,0.28,0.3,1.5,7.25,9.2,31,30,40,23,38,55,0
3.98,2.82,0.42,0.003,0.004,0.12,0.056,193,79.87,58.91,41.09,297,40.37,37.75,0.36,0.28,0.32,1.56,7.2,9.15,38,29,40,23,35,54,0
3.445,2.451,0.337,0.014,0.008,0.313,0.048,193,83.46,58.91,41.09,297,40.37,37.75,0.36,0.28,0.32,1.56,7.2,9.15,38,29,40,23,35,54,1
3.445,2.451,0.337,0.014,0.008,0.313,0.048,193,83.46,58.91,41.09,297,40.37,37.75,0.36,0.28,0.32,1.56,7.2,9.15,38,29,40,23,35,54,1
3.445,2.451,0.337,0.014,0.008,0.313,0.048,193,83.46,58.91,41.09,297,40.37,37.75,0.36,0.28,0.32,1.56,7.2,9.15,38,29,40,23,35,54,1
3.445,2.451,0.337,0.014,0.008,0.313,0.048,193,83.46,58.91,41.09,297,40.37,37.75,0.36,0.28,0.32,1.56,7.2,9.15,38,29,40,23,35,54,1
3.89,2.79,0.14,0.002,0.035,0.71,0.057,243,84.5,38.87,43.86,321,40.57,38.28,0.38,0.3,0.32,1.52,7.2,9.3,37,28,32,23,36,55,0
3.371,2.533,0.304,0.011,0.008,0.297,0.045,187,84.5,56.15,43.86,321,40.57,38.28,0.38,0.3,0.32,1.52,7.2,9.3,37,28,32,23,36,55,1
3.371,2.533,0.304,0.011,0.008,0.297,0.045,187,84.5,56.15,43.86,321,40.57,38.28,0.38,0.3,0.32,1.52,7.2,9.3,37,28,32,23,36,55,1
3.371,2.533,0.304,0.011,0.008,0.297,0.045,187,84.5,56.15,43.86,321,40.57,38.28,0.38,0.3,0.32,1.52,7.2,9.3,37,28,32,23,36,55,1
3.371,2.533,0.304,0.011,0.008,0.297,0.045,187,84.5,56.15,43.86,321,40.57,38.28,0.38,0.3,0.32,1.52,7.2,9.3,37,28,32,23,36,55,1
3.417,2.426,0.318,0.012,0.008,0.315,0.045,205,80.95,68.47,31.52,224,37.2,38.42,0.36,0.32,0.34,1.56,7.25,9.4,34,35,38,23,35,55,0
3.417,2.426,0.318,0.012,0.008,0.315,0.045,205,80.95,68.47,31.52,224,37.2,38.42,0.36,0.32,0.34,1.56,7.25,9.4,34,35,38,23,35,55,0
3.417,2.426,0.318,0.012,0.008,0.315,0.045,205,80.95,68.47,31.52,224,37.2,38.42,0.36,0.32,0.34,1.56,7.25,9.4,34,35,38,23,35,55,0
3.417,2.426,0.318,0.012,0.008,0.315,0.045,205,80.95,68.47,31.52,224,37.2,38.42,0.36,0.32,0.34,1.56,7.25,9.4,34,35,38,23,35,55,0
3.143,2.87,0.421,0.004,0.043,0.76,0.059,205,80.95,68.47,31.52,224,37.2,38.42,0.36,0.32,0.34,1.56,7.25,9.4,34,35,38,23,35,55,0
3.025,2.891,0.358,0.021,0.011,0.776,0.049,207,83.82,61.99,38.01,279,40.37,37.75,0.36,0.28,0.32,1.52,7.35,9.25,39,31,48,23,38,51,0
3.393,2.663,0.36,0.013,0.008,0.313,0.049,199,83.82,61.99,38.01,279,40.37,37.75,0.36,0.28,0.32,1.52,7.35,9.25,39,31,48,23,38,51,0
3.393,2.663,0.36,0.013,0.008,0.313,0.049,199,83.82,61.99,38.01,279,40.37,37.75,0.36,0.28,0.32,1.52,7.35,9.25,39,31,48,23,38,51,1
3.393,2.663,0.36,0.013,0.008,0.313,0.049,199,83.82,61.99,38.01,279,40.37,37.75,0.36,0.28,0.32,1.52,7.35,9.25,39,31,48,23,38,51,1
3.393,2.663,0.36,0.013,0.008,0.313,0.049,199,83.82,61.99,38.01,279,40.37,37.75,0.36,0.28,0.32,1.52,7.35,9.25,39,31,48,23,38,51,1
3.393,2.663,0.36,0.013,0.008,0.313,0.049,199,83.82,61.99,38.01,279,40.37,37.75,0.36,0.28,0.32,1.52,7.35,9.25,39,31,48,23,38,51,1
3.89,2.15,0.14,0.051,0.035,0.67,0.056,158,78.98,60.99,39.01,216,37.2,38.42,0.36,0.32,0.32,1.64,7.4,9.34,37,32,33,23,35,55,0
3.447,2.561,0.365,0.012,0.01,0.316,0.042,199,85.13,60.99,39.01,216,37.2,38.42,0.36,0.32,0.32,1.64,7.4,9.34,37,32,33,23,35,55,1
3.447,2.561,0.365,0.012,0.01,0.316,0.042,199,85.13,60.99,39.01,216,37.2,38.42,0.36,0.32,0.32,1.64,7.4,9.34,37,32,33,23,35,55,1
3.447,2.561,0.365,0.012,0.01,0.316,0.042,199,85.13,60.99,39.01,216,37.2,38.42,0.36,0.32,0.32,1.64,7.4,9.34,37,32,33,23,35,55,1
3.447,2.561,0.365,0.012,0.01,0.316,0.042,199,85.13,60.99,39.01,216,37.2,38.42,0.36,0.32,0.32,1.64,7.4,9.34,37,32,33,23,35,55,1
3.76,2.82,0.65,0.004,0.04,0.45,0.07,226,79.23,78.87,21.13,292,37.2,38.42,0.36,0.32,0.32,1.64,7.4,9.34,37,32,33,22,35,55,0
3.275,2.469,0.431,0.011,0.008,0.606,0.043,226,80.89,78.87,21.13,292,37.2,38.42,0.36,0.32,0.32,1.64,7.4,9.34,37,32,33,22,35,55,1
3.275,2.469,0.431,0.011,0.008,0.606,0.043,226,80.89,78.87,21.13,292,37.2,38.42,0.36,0.32,0.32,1.64,7.4,9.34,37,32,33,22,35,55,1
3.275,2.469,0.431,0.011,0.008,0.606,0.043,226,80.89,78.87,21.13,292,37.2,38.42,0.36,0.32,0.32,1.64,7.4,9.34,37,32,33,22,35,55,1
3.275,2.469,0.431,0.011,0.008,0.606,0.043,226,80.89,78.87,21.13,292,37.2,38.42,0.36,0.32,0.32,1.64,7.4,9.34,37,32,33,22,35,55,1
3.196,2.705,0.095,0.004,0.037,0.003,0.063,182,82.7,26,82.09,294,40.57,38.28,0.38,0.3,0.32,1.52,7.2,9.3,37,28,32,22,36,55,0
3.128,2.198,0.097,0.001,0.002,0.004,0.063,182,79.87,26.87,92.61,233,40.37,37.75,0.36,0.28,0.32,1.56,7.2,9.15,38,29,40,22,35,54,0
3.474,2.356,0.24,0.013,0.008,0.05,0.047,169,82.7,17.91,82.09,294,40.57,38.28,0.38,0.3,0.32,1.52,7.2,9.3,37,28,32,22,36,55,1
3.469,2.538,0.243,0.015,0.008,0.041,0.044,159,80.55,7.39,92.61,233,40.37,37.75,0.36,0.28,0.32,1.56,7.2,9.15,38,29,40,22,35,54,1
3.474,2.356,0.24,0.013,0.008,0.05,0.047,169,82.7,17.91,82.09,294,40.57,38.28,0.38,0.3,0.32,1.52,7.2,9.3,37,28,32,22,36,55,1
3.469,2.538,0.243,0.015,0.008,0.041,0.044,159,80.55,7.39,92.61,233,40.37,37.75,0.36,0.28,0.32,1.56,7.2,9.15,38,29,40,22,35,54,1
3.474,2.356,0.24,0.013,0.008,0.05,0.047,169,82.7,17.91,82.09,294,40.57,38.28,0.38,0.3,0.32,1.52,7.2,9.3,37,28,32,22,36,55,1
3.469,2.538,0.243,0.015,0.008,0.041,0.044,159,80.55,7.39,92.61,233,40.37,37.75,0.36,0.28,0.32,1.56,7.2,9.15,38,29,40,22,35,54,1
3.474,2.356,0.24,0.013,0.008,0.05,0.047,169,82.7,17.91,82.09,294,40.57,38.28,0.38,0.3,0.32,1.52,7.2,9.3,37,28,32,22,36,55,1
3.469,2.538,0.243,0.015,0.008,0.041,0.044,159,80.55,7.39,92.61,233,40.37,37.75,0.36,0.28,0.32,1.56,7.2,9.15,38,29,40,22,35,54,1
3.187,2.8,0.65,0.09,0.04,0.43,0.02,232,87.26,80.45,41,276,37.2,38.42,0.36,0.32,0.34,1.56,7.25,9.4,34,35,38,22,35,55,0
3.357,2.459,0.367,0.01,0.009,0.592,0.051,232,87.26,80.45,19.55,276,37.2,38.42,0.36,0.32,0.34,1.56,7.25,9.4,34,35,38,22,35,55,1
3.357,2.459,0.367,0.01,0.009,0.592,0.051,232,87.26,80.45,19.55,276,37.2,38.42,0.36,0.32,0.34,1.56,7.25,9.4,34,35,38,22,35,55,1
3.357,2.459,0.367,0.01,0.009,0.592,0.051,232,87.26,80.45,19.55,276,37.2,38.42,0.36,0.32,0.34,1.56,7.25,9.4,34,35,38,22,35,55,1
3.357,2.459,0.367,0.01,0.009,0.592,0.051,232,87.26,80.45,19.55,276,37.2,38.42,0.36,0.32,0.34,1.56,7.25,9.4,34,35,38,22,35,55,1
3.887,2.856,0.325,0.012,0.004,0.762,0.041,200,80.26,63.36,36.64,300,40.37,37.75,0.36,0.28,0.32,1.52,7.35,9.25,39,31,48,22,38,51,0
3.597,2.587,0.4,0.013,0.008,0.312,0.041,200,80.7,63.36,36.64,300,40.37,37.75,0.36,0.28,0.32,1.52,7.35,9.25,39,31,48,22,38,51,0
3.597,2.587,0.4,0.013,0.008,0.312,0.041,200,80.7,63.36,36.64,300,40.37,37.75,0.36,0.28,0.32,1.52,7.35,9.25,39,31,48,22,38,51,1
3.597,2.587,0.4,0.013,0.008,0.312,0.041,200,80.7,63.36,36.64,300,40.37,37.75,0.36,0.28,0.32,1.52,7.35,9.25,39,31,48,22,38,51,1
3.597,2.587,0.4,0.013,0.008,0.312,0.041,200,80.7,63.36,36.64,300,40.37,37.75,0.36,0.28,0.32,1.52,7.35,9.25,39,31,48,22,38,51,1
3.597,2.587,0.4,0.013,0.008,0.312,0.041,200,80.7,63.36,36.64,300,40.37,37.75,0.36,0.28,0.32,1.52,7.35,9.25,39,31,48,22,38,51,1
3.123,2.871,0.345,0.004,0.013,0.725,0.044,200,84.59,60.08,39.92,292,40.37,37.75,0.36,0.28,0.32,1.52,7.35,9.25,39,31,48,21,38,51,0
3.463,2.37,0.391,0.013,0.008,0.296,0.044,200,84.59,60.08,39.92,292,40.37,37.75,0.36,0.28,0.32,1.52,7.35,9.25,39,31,48,21,38,51,0
3.463,2.37,0.391,0.013,0.008,0.296,0.044,200,84.59,60.08,39.92,292,40.37,37.75,0.36,0.28,0.32,1.52,7.35,9.25,39,31,48,21,38,51,1
3.463,2.37,0.391,0.013,0.008,0.296,0.044,200,84.59,60.08,39.92,292,40.37,37.75,0.36,0.28,0.32,1.52,7.35,9.25,39,31,48,21,38,51,1
3.463,2.37,0.391,0.013,0.008,0.296,0.044,200,84.59,60.08,39.92,292,40.37,37.75,0.36,0.28,0.32,1.52,7.35,9.25,39,31,48,21,38,51,1
3.463,2.37,0.391,0.013,0.008,0.296,0.044,200,84.59,60.08,39.92,292,40.37,37.75,0.36,0.28,0.32,1.52,7.35,9.25,39,31,48,21,38,51,1
3.12,2.8,0.41,0.003,0.034,0.69,0.029,191,84.8,38.98,45.24,319,37.2,38.42,0.36,0.32,0.32,1.64,7.4,9.34,37,32,33,21,35,55,0
3.388,2.578,0.316,0.013,0.008,0.299,0.045,191,84.8,54.76,45.24,319,37.2,38.42,0.36,0.32,0.32,1.64,7.4,9.34,37,32,33,21,35,55,1
3.388,2.578,0.316,0.013,0.008,0.299,0.045,191,84.8,54.76,45.24,319,37.2,38.42,0.36,0.32,0.32,1.64,7.4,9.34,37,32,33,21,35,55,1
3.388,2.578,0.316,0.013,0.008,0.299,0.045,191,84.8,54.76,45.24,319,37.2,38.42,0.36,0.32,0.32,1.64,7.4,9.34,37,32,33,21,35,55,1
3.388,2.578,0.316,0.013,0.008,0.299,0.045,191,84.8,54.76,45.24,319,37.2,38.42,0.36,0.32,0.32,1.64,7.4,9.34,37,32,33,21,35,55,1
3.84,2.79,0.13,0.003,0.038,0.69,0.058,158,79.54,59.9,40.1,285,40.57,38.28,0.38,0.3,0.32,1.52,7.2,9.3,37,28,32,21,36,55,0
3.753,2.703,0.098,0.003,0.002,0.001,0.024,162,81.02,25.98,89.68,260,40.37,37.75,0.36,0.28,0.32,1.56,7.2,9.15,38,29,40,21,35,54,0
3.369,2.497,0.315,0.009,0.008,0.319,0.048,188,80.74,59.9,40.1,285,40.57,38.28,0.38,0.3,0.32,1.52,7.2,9.3,37,28,32,21,36,55,1
3.475,2.403,0.232,0.013,0.008,0.046,0.042,162,81.02,10.33,89.68,260,40.37,37.75,0.36,0.28,0.32,1.56,7.2,9.15,38,29,40,21,35,54,1
3.369,2.497,0.315,0.009,0.008,0.319,0.048,188,80.74,59.9,40.1,285,40.57,38.28,0.38,0.3,0.32,1.52,7.2,9.3,37,28,32,21,36,55,1
3.475,2.403,0.232,0.013,0.008,0.046,0.042,162,81.02,10.33,89.68,260,40.37,37.75,0.36,0.28,0.32,1.56,7.2,9.15,38,29,40,21,35,54,1
3.369,2.497,0.315,0.009,0.008,0.319,0.048,188,80.74,59.9,40.1,285,40.57,38.28,0.38,0.3,0.32,1.52,7.2,9.3,37,28,32,21,36,55,1
3.475,2.403,0.232,0.013,0.008,0.046,0.042,162,81.02,10.33,89.68,260,40.37,37.75,0.36,0.28,0.32,1.56,7.2,9.15,38,29,40,21,35,54,1
3.369,2.497,0.315,0.009,0.008,0.319,0.048,188,80.74,59.9,40.1,285,40.57,38.28,0.38,0.3,0.32,1.52,7.2,9.3,37,28,32,21,36,55,1
3.475,2.403,0.232,0.013,0.008,0.046,0.042,162,81.02,10.33,89.68,260,40.37,37.75,0.36,0.28,0.32,1.56,7.2,9.15,38,29,40,21,35,54,1
3.192,2.709,0.306,0.059,0.034,0.004,0.062,168,78.76,16.19,83.8,149,37.2,38.42,0.36,0.32,0.34,1.56,7.25,9.4,34,35,38,21,35,55,0
3.406,2.351,0.215,0.014,0.008,0.09,0.04,168,80.34,16.19,83.8,264,37.2,38.42,0.36,0.32,0.34,1.56,7.25,9.4,34,35,38,21,35,55,1
3.406,2.351,0.215,0.014,0.008,0.09,0.04,168,80.34,16.19,83.8,264,37.2,38.42,0.36,0.32,0.34,1.56,7.25,9.4,34,35,38,21,35,55,1
3.406,2.351,0.215,0.014,0.008,0.09,0.04,168,80.34,16.19,83.8,264,37.2,38.42,0.36,0.32,0.34,1.56,7.25,9.4,34,35,38,21,35,55,1
3.406,2.351,0.215,0.014,0.008,0.09,0.04,168,80.34,16.19,83.8,264,37.2,38.42,0.36,0.32,0.34,1.56,7.25,9.4,34,35,38,21,35,55,1
3.17,2.198,0.325,0.054,0.032,0.231,0.024,183,82.83,26,85.82,331,40.37,37.75,0.38,0.3,0.34,1.6,7.14,9.26,31,29,44,20,39,52,0
3.546,2.408,0.241,0.021,0.008,0.042,0.049,165,82.83,14.18,85.82,331,40.37,37.75,0.38,0.3,0.34,1.6,7.14,9.26,31,29,44,20,39,52,1
3.546,2.408,0.241,0.021,0.008,0.042,0.049,165,82.83,14.18,85.82,331,40.37,37.75,0.38,0.3,0.34,1.6,7.14,9.26,31,29,44,20,39,52,1
3.546,2.408,0.241,0.021,0.008,0.042,0.049,165,82.83,14.18,85.82,331,40.37,37.75,0.38,0.3,0.34,1.6,7.14,9.26,31,29,44,20,39,52,1
3.546,2.408,0.241,0.021,0.008,0.042,0.049,165,82.83,14.18,85.82,331,40.37,37.75,0.38,0.3,0.34,1.6,7.14,9.26,31,29,44,20,39,52,1
3.92,2.83,0.43,0.002,0.004,0.16,0.056,158,79.87,62.93,37.07,305,40.57,38.28,0.38,0.3,0.34,1.6,7.1,9.25,34,30,31,20,38,51,0
3.488,2.425,0.271,0.014,0.008,0.27,0.047,198,81.03,62.93,37.07,305,40.57,38.28,0.38,0.3,0.34,1.6,7.1,9.25,34,30,31,20,38,51,1
3.488,2.425,0.271,0.014,0.008,0.27,0.047,198,81.03,62.93,37.07,305,40.57,38.28,0.38,0.3,0.34,1.6,7.1,9.25,34,30,31,20,38,51,1
3.488,2.425,0.271,0.014,0.008,0.27,0.047,198,81.03,62.93,37.07,305,40.57,38.28,0.38,0.3,0.34,1.6,7.1,9.25,34,30,31,20,38,51,1
3.488,2.425,0.271,0.014,0.008,0.27,0.047,198,81.03,62.93,37.07,305,40.57,38.28,0.38,0.3,0.34,1.6,7.1,9.25,34,30,31,20,38,51,1
3.109,1.89,0.621,0.12,0.004,0.4,0.07,223,83.29,68,10.29,451,37.2,38.42,0.36,0.32,0.34,1.56,7.25,9.4,34,35,38,20,35,55,0
3.521,2.526,0.444,0.01,0.01,0.713,0.044,252,83.29,89.71,10.29,451,37.2,38.42,0.36,0.32,0.34,1.56,7.25,9.4,34,35,38,20,35,55,1
3.521,2.526,0.444,0.01,0.01,0.713,0.044,252,83.29,89.71,10.29,451,37.2,38.42,0.36,0.32,0.34,1.56,7.25,9.4,34,35,38,20,35,55,1
3.521,2.526,0.444,0.01,0.01,0.713,0.044,252,83.29,89.71,10.29,451,37.2,38.42,0.36,0.32,0.34,1.56,7.25,9.4,34,35,38,20,35,55,1
3.521,2.526,0.444,0.01,0.01,0.713,0.044,252,83.29,89.71,10.29,451,37.2,38.42,0.36,0.32,0.34,1.56,7.25,9.4,34,35,38,20,35,55,1
3.021,2.891,0.458,0.022,0.023,0.633,0.025,156,70.23,88.52,11.48,150,40.37,37.75,0.36,0.28,0.32,1.52,7.35,9.25,39,31,48,20,38,51,0
3.397,2.488,0.458,0.013,0.008,0.633,0.046,235,82.27,88.52,11.48,277,40.37,37.75,0.36,0.28,0.32,1.52,7.35,9.25,39,31,48,20,38,51,0
3.397,2.488,0.458,0.013,0.008,0.633,0.046,235,82.27,88.52,11.48,277,40.37,37.75,0.36,0.28,0.32,1.52,7.35,9.25,39,31,48,20,38,51,1
3.397,2.488,0.458,0.013,0.008,0.633,0.046,235,82.27,88.52,11.48,277,40.37,37.75,0.36,0.28,0.32,1.52,7.35,9.25,39,31,48,20,38,51,1
3.397,2.488,0.458,0.013,0.008,0.633,0.046,235,82.27,88.52,11.48,277,40.37,37.75,0.36,0.28,0.32,1.52,7.35,9.25,39,31,48,20,38,51,1
3.397,2.488,0.458,0.013,0.008,0.633,0.046,235,82.27,88.52,11.48,277,40.37,37.75,0.36,0.28,0.32,1.52,7.35,9.25,39,31,48,20,38,51,1
3.152,2.823,0.451,0.012,0.024,0.67,0.023,234,70.25,85.19,14.81,250,40.37,37.75,0.36,0.28,0.3,1.5,7.25,9.2,31,30,40,20,38,55,0
3.85,2.12,0.43,0.052,0.003,0.67,0.056,241,84.44,39.14,33.58,273,37.2,38.42,0.36,0.32,0.32,1.64,7.4,9.34,37,32,33,20,35,55,0
3.9,2.81,0.42,0.054,0.036,0.7,0.056,159,79.54,52.9,47.1,269,40.57,38.28,0.38,0.3,0.34,1.62,7.26,9.18,33,29,36,20,38,51,0
3.469,2.464,0.451,0.012,0.008,0.61,0.049,234,84.21,85.19,14.81,338,40.37,37.75,0.36,0.28,0.3,1.5,7.25,9.2,31,30,40,20,38,55,0
3.333,2.315,0.358,0.018,0.008,0.284,0.05,200,84.44,66.41,33.58,273,37.2,38.42,0.36,0.32,0.32,1.64,7.4,9.34,37,32,33,20,35,55,1
3.404,2.45,0.308,0.014,0.008,0.308,0.049,186,83.59,52.9,47.1,269,40.57,38.28,0.38,0.3,0.34,1.62,7.26,9.18,33,29,36,20,38,51,1
3.469,2.464,0.451,0.012,0.008,0.61,0.049,234,84.21,85.19,14.81,338,40.37,37.75,0.36,0.28,0.3,1.5,7.25,9.2,31,30,40,20,38,55,1
3.333,2.315,0.358,0.018,0.008,0.284,0.05,200,84.44,66.41,33.58,273,37.2,38.42,0.36,0.32,0.32,1.64,7.4,9.34,37,32,33,20,35,55,1
3.404,2.45,0.308,0.014,0.008,0.308,0.049,186,83.59,52.9,47.1,269,40.57,38.28,0.38,0.3,0.34,1.62,7.26,9.18,33,29,36,20,38,51,1
3.469,2.464,0.451,0.012,0.008,0.61,0.049,234,84.21,85.19,14.81,338,40.37,37.75,0.36,0.28,0.3,1.5,7.25,9.2,31,30,40,20,38,55,1
3.333,2.315,0.358,0.018,0.008,0.284,0.05,200,84.44,66.41,33.58,273,37.2,38.42,0.36,0.32,0.32,1.64,7.4,9.34,37,32,33,20,35,55,1
3.404,2.45,0.308,0.014,0.008,0.308,0.049,186,83.59,52.9,47.1,269,40.57,38.28,0.38,0.3,0.34,1.62,7.26,9.18,33,29,36,20,38,51,1
3.469,2.464,0.451,0.012,0.008,0.61,0.049,234,84.21,85.19,14.81,338,40.37,37.75,0.36,0.28,0.3,1.5,7.25,9.2,31,30,40,20,38,55,1
3.333,2.315,0.358,0.018,0.008,0.284,0.05,200,84.44,66.41,33.58,273,37.2,38.42,0.36,0.32,0.32,1.64,7.4,9.34,37,32,33,20,35,55,1
3.404,2.45,0.308,0.014,0.008,0.308,0.049,186,83.59,52.9,47.1,269,40.57,38.28,0.38,0.3,0.34,1.62,7.26,9.18,33,29,36,20,38,51,1
3.469,2.464,0.451,0.012,0.008,0.61,0.049,234,84.21,85.19,14.81,338,40.37,37.75,0.36,0.28,0.3,1.5,7.25,9.2,31,30,40,20,38,55,1
3.19,2.75,0.14,0.004,0.036,0.132,0.029,159,84.18,62.56,71.2,257,37.2,38.42,0.36,0.32,0.3,1.52,7.35,9.45,39,31,53,20,37,50,0
2.98,2.81,0.14,0.004,0.035,0.69,0.056,241,79.66,54.2,45.81,353,40.57,38.28,0.38,0.3,0.32,1.52,7.2,9.3,37,28,32,20,36,55,0
3.13,2.12,0.13,0.004,0.003,0.1,0.054,243,76.08,60.19,39.82,303,40.37,37.75,0.36,0.28,0.32,1.56,7.2,9.15,38,29,40,20,35,54,0
3.268,2.448,0.317,0.013,0.008,0.279,0.054,192,84.18,62.56,37.44,257,37.2,38.42,0.36,0.32,0.3,1.52,7.35,9.45,39,31,53,20,37,50,1
3.38,2.65,0.309,0.012,0.008,0.304,0.05,190,83.3,54.2,45.81,353,40.57,38.28,0.38,0.3,0.32,1.52,7.2,9.3,37,28,32,20,36,55,1
3.505,2.424,0.336,0.013,0.008,0.328,0.047,202,80.05,60.19,39.82,303,40.37,37.75,0.36,0.28,0.32,1.56,7.2,9.15,38,29,40,20,35,54,1
3.268,2.448,0.317,0.013,0.008,0.279,0.054,192,84.18,62.56,37.44,257,37.2,38.42,0.36,0.32,0.3,1.52,7.35,9.45,39,31,53,20,37,50,1
3.38,2.65,0.309,0.012,0.008,0.304,0.05,190,83.3,54.2,45.81,353,40.57,38.28,0.38,0.3,0.32,1.52,7.2,9.3,37,28,32,20,36,55,1
3.505,2.424,0.336,0.013,0.008,0.328,0.047,202,80.05,60.19,39.82,303,40.37,37.75,0.36,0.28,0.32,1.56,7.2,9.15,38,29,40,20,35,54,1
3.268,2.448,0.317,0.013,0.008,0.279,0.054,192,84.18,62.56,37.44,257,37.2,38.42,0.36,0.32,0.3,1.52,7.35,9.45,39,31,53,20,37,50,1
3.38,2.65,0.309,0.012,0.008,0.304,0.05,190,83.3,54.2,45.81,353,40.57,38.28,0.38,0.3,0.32,1.52,7.2,9.3,37,28,32,20,36,55,1
3.505,2.424,0.336,0.013,0.008,0.328,0.047,202,80.05,60.19,39.82,303,40.37,37.75,0.36,0.28,0.32,1.56,7.2,9.15,38,29,40,20,35,54,1
3.268,2.448,0.317,0.013,0.008,0.279,0.054,192,84.18,62.56,37.44,257,37.2,38.42,0.36,0.32,0.3,1.52,7.35,9.45,39,31,53,20,37,50,1
3.38,2.65,0.309,0.012,0.008,0.304,0.05,190,83.3,54.2,45.81,353,40.57,38.28,0.38,0.3,0.32,1.52,7.2,9.3,37,28,32,20,36,55,1
3.505,2.424,0.336,0.013,0.008,0.328,0.047,202,80.05,60.19,39.82,303,40.37,37.75,0.36,0.28,0.32,1.56,7.2,9.15,38,29,40,20,35,54,1
3.703,2.198,0.099,0.052,0.004,0.202,0.061,168,79.2,18.3,81.7,299,37.2,38.42,0.36,0.32,0.3,1.52,7.35,9.45,39,31,53,19,37,50,0
3.443,2.57,0.29,0.011,0.008,0.03,0.05,168,87.63,18.3,81.7,299,37.2,38.42,0.36,0.32,0.3,1.52,7.35,9.45,39,31,53,19,37,50,1
3.443,2.57,0.29,0.011,0.008,0.03,0.05,168,87.63,18.3,81.7,299,37.2,38.42,0.36,0.32,0.3,1.52,7.35,9.45,39,31,53,19,37,50,1
3.443,2.57,0.29,0.011,0.008,0.03,0.05,168,87.63,18.3,81.7,299,37.2,38.42,0.36,0.32,0.3,1.52,7.35,9.45,39,31,53,19,37,50,1
3.443,2.57,0.29,0.011,0.008,0.03,0.05,168,87.63,18.3,81.7,299,37.2,38.42,0.36,0.32,0.3,1.52,7.35,9.45,39,31,53,19,37,50,1
3.89,2.82,0.51,0.053,0.39,0.69,0.056,243,83.52,39.75,43.66,309,40.57,38.28,0.38,0.3,0.34,1.6,7.1,9.25,34,30,31,19,38,51,0
3.15,2.76,0.14,0.054,0.003,0.12,0.056,203,79.87,69.29,30.72,240,40.37,37.75,0.38,0.3,0.34,1.6,7.14,9.26,31,29,44,19,39,52,0
3.309,2.498,0.304,0.011,0.008,0.304,0.047,187,83.52,56.35,43.66,309,40.57,38.28,0.38,0.3,0.34,1.6,7.1,9.25,34,30,31,19,38,51,1
3.342,2.444,0.284,0.01,0.008,0.268,0.049,203,82.72,69.29,30.72,240,40.37,37.75,0.38,0.3,0.34,1.6,7.14,9.26,31,29,44,19,39,52,1
3.309,2.498,0.304,0.011,0.008,0.304,0.047,187,83.52,56.35,43.66,309,40.57,38.28,0.38,0.3,0.34,1.6,7.1,9.25,34,30,31,19,38,51,1
3.342,2.444,0.284,0.01,0.008,0.268,0.049,203,82.72,69.29,30.72,240,40.37,37.75,0.38,0.3,0.34,1.6,7.14,9.26,31,29,44,19,39,52,1
3.309,2.498,0.304,0.011,0.008,0.304,0.047,187,83.52,56.35,43.66,309,40.57,38.28,0.38,0.3,0.34,1.6,7.1,9.25,34,30,31,19,38,51,1
3.342,2.444,0.284,0.01,0.008,0.268,0.049,203,82.72,69.29,30.72,240,40.37,37.75,0.38,0.3,0.34,1.6,7.14,9.26,31,29,44,19,39,52,1
3.309,2.498,0.304,0.011,0.008,0.304,0.047,187,83.52,56.35,43.66,309,40.57,38.28,0.38,0.3,0.34,1.6,7.1,9.25,34,30,31,19,38,51,1
3.342,2.444,0.284,0.01,0.008,0.268,0.049,203,82.72,69.29,30.72,240,40.37,37.75,0.38,0.3,0.34,1.6,7.14,9.26,31,29,44,19,39,52,1
3.886,2.106,0.384,0.003,0.004,0.004,0.046,156,85.95,6.26,93.74,312,40.37,37.75,0.36,0.28,0.3,1.5,7.25,9.2,31,30,40,19,38,55,0
3.12,2.13,0.14,0.004,0.036,0.76,0.057,243,84.04,64.43,35.56,204,40.57,38.28,0.38,0.3,0.34,1.62,7.26,9.18,33,29,36,19,38,51,0
3.586,2.406,0.284,0.013,0.008,0.069,0.046,156,85.95,6.26,93.74,312,40.37,37.75,0.36,0.28,0.3,1.5,7.25,9.2,31,30,40,19,38,55,0
3.287,2.511,0.258,0.01,0.008,0.304,0.041,202,84.04,64.43,35.56,204,40.57,38.28,0.38,0.3,0.34,1.62,7.26,9.18,33,29,36,19,38,51,1
3.586,2.406,0.284,0.013,0.008,0.069,0.046,156,85.95,6.26,93.74,312,40.37,37.75,0.36,0.28,0.3,1.5,7.25,9.2,31,30,40,19,38,55,1
3.287,2.511,0.258,0.01,0.008,0.304,0.041,202,84.04,64.43,35.56,204,40.57,38.28,0.38,0.3,0.34,1.62,7.26,9.18,33,29,36,19,38,51,1
3.586,2.406,0.284,0.013,0.008,0.069,0.046,156,85.95,6.26,93.74,312,40.37,37.75,0.36,0.28,0.3,1.5,7.25,9.2,31,30,40,19,38,55,1
3.287,2.511,0.258,0.01,0.008,0.304,0.041,202,84.04,64.43,35.56,204,40.57,38.28,0.38,0.3,0.34,1.62,7.26,9.18,33,29,36,19,38,51,1
3.586,2.406,0.284,0.013,0.008,0.069,0.046,156,85.95,6.26,93.74,312,40.37,37.75,0.36,0.28,0.3,1.5,7.25,9.2,31,30,40,19,38,55,1
3.287,2.511,0.258,0.01,0.008,0.304,0.041,202,84.04,64.43,35.56,204,40.57,38.28,0.38,0.3,0.34,1.62,7.26,9.18,33,29,36,19,38,51,1
3.586,2.406,0.284,0.013,0.008,0.069,0.046,156,85.95,6.26,93.74,312,40.37,37.75,0.36,0.28,0.3,1.5,7.25,9.2,31,30,40,19,38,55,1
3.323,2.598,0.425,0.012,0.008,0.648,0.054,242,83.86,89.93,10.07,331,40.37,37.75,0.36,0.28,0.3,1.5,7.25,9.2,31,30,40,18,38,55,0
3.323,2.598,0.425,0.012,0.008,0.648,0.054,242,83.86,89.93,10.07,331,40.37,37.75,0.36,0.28,0.3,1.5,7.25,9.2,31,30,40,18,38,55,1
3.323,2.598,0.425,0.012,0.008,0.648,0.054,242,83.86,89.93,10.07,331,40.37,37.75,0.36,0.28,0.3,1.5,7.25,9.2,31,30,40,18,38,55,1
3.323,2.598,0.425,0.012,0.008,0.648,0.054,242,83.86,89.93,10.07,331,40.37,37.75,0.36,0.28,0.3,1.5,7.25,9.2,31,30,40,18,38,55,1
3.323,2.598,0.425,0.012,0.008,0.648,0.054,242,83.86,89.93,10.07,331,40.37,37.75,0.36,0.28,0.3,1.5,7.25,9.2,31,30,40,18,38,55,1
3.12,2.86,0.65,0.09,0.04,0.9,0.07,238,78.98,87.97,12.03,271,40.57,38.28,0.38,0.3,0.34,1.62,7.26,9.18,33,29,36,18,38,51,0
3.463,2.7,0.338,0.013,0.008,0.581,0.052,238,81.5,87.97,12.03,271,40.57,38.28,0.38,0.3,0.34,1.62,7.26,9.18,33,29,36,18,38,51,1
3.463,2.7,0.338,0.013,0.008,0.581,0.052,238,81.5,87.97,12.03,271,40.57,38.28,0.38,0.3,0.34,1.62,7.26,9.18,33,29,36,18,38,51,1
3.463,2.7,0.338,0.013,0.008,0.581,0.052,238,81.5,87.97,12.03,271,40.57,38.28,0.38,0.3,0.34,1.62,7.26,9.18,33,29,36,18,38,51,1
3.463,2.7,0.338,0.013,0.008,0.581,0.052,238,81.5,87.97,12.03,271,40.57,38.28,0.38,0.3,0.34,1.62,7.26,9.18,33,29,36,18,38,51,1
3.85,2.81,0.14,0.004,0.035,0.65,0.059,195,82.15,46.41,73,262,37.2,38.42,0.36,0.32,0.3,1.52,7.35,9.45,39,31,53,18,37,50,0
3.405,2.507,0.24,0.012,0.008,0.28,0.042,195,82.15,46.41,53.59,262,37.2,38.42,0.36,0.32,0.3,1.52,7.35,9.45,39,31,53,18,37,50,1
3.405,2.507,0.24,0.012,0.008,0.28,0.042,195,82.15,46.41,53.59,262,37.2,38.42,0.36,0.32,0.3,1.52,7.35,9.45,39,31,53,18,37,50,1
3.405,2.507,0.24,0.012,0.008,0.28,0.042,195,82.15,46.41,53.59,262,37.2,38.42,0.36,0.32,0.3,1.52,7.35,9.45,39,31,53,18,37,50,1
3.405,2.507,0.24,0.012,0.008,0.28,0.042,195,82.15,46.41,53.59,262,37.2,38.42,0.36,0.32,0.3,1.52,7.35,9.45,39,31,53,18,37,50,1
3.15,2.82,0.62,0.09,0.04,0.89,0.07,272,79.2,83.08,16.92,270,40.57,38.28,0.38,0.3,0.34,1.6,7.1,9.25,34,30,31,18,38,51,0
3.198,2.714,0.316,0.062,0.032,0.204,0.064,182,88.3,26.76,90.22,277,40.57,38.28,0.38,0.3,0.34,1.6,7.14,9.26,31,29,44,18,39,52,0
3.273,2.477,0.347,0.01,0.008,0.62,0.044,233,81.48,83.08,16.92,270,40.57,38.28,0.38,0.3,0.34,1.6,7.1,9.25,34,30,31,18,38,51,1
3.409,2.404,0.258,0.016,0.008,0.063,0.042,160,88.3,9.78,90.22,277,40.57,38.28,0.38,0.3,0.34,1.6,7.14,9.26,31,29,44,18,39,52,1
3.273,2.477,0.347,0.01,0.008,0.62,0.044,233,81.48,83.08,16.92,270,40.57,38.28,0.38,0.3,0.34,1.6,7.1,9.25,34,30,31,18,38,51,1
3.409,2.404,0.258,0.016,0.008,0.063,0.042,160,88.3,9.78,90.22,277,40.57,38.28,0.38,0.3,0.34,1.6,7.14,9.26,31,29,44,18,39,52,1
3.273,2.477,0.347,0.01,0.008,0.62,0.044,233,81.48,83.08,16.92,270,40.57,38.28,0.38,0.3,0.34,1.6,7.1,9.25,34,30,31,18,38,51,1
3.409,2.404,0.258,0.016,0.008,0.063,0.042,160,88.3,9.78,90.22,277,40.57,38.28,0.38,0.3,0.34,1.6,7.14,9.26,31,29,44,18,39,52,1
3.273,2.477,0.347,0.01,0.008,0.62,0.044,233,81.48,83.08,16.92,270,40.57,38.28,0.38,0.3,0.34,1.6,7.1,9.25,34,30,31,18,38,51,1
3.409,2.404,0.258,0.016,0.008,0.063,0.042,160,88.3,9.78,90.22,277,40.57,38.28,0.38,0.3,0.34,1.6,7.14,9.26,31,29,44,18,39,52,1
3.164,2.844,0.57,0.002,0.002,0.723,0.045,201,77.9,64.62,35.39,230,40.37,37.75,0.36,0.28,0.3,1.5,7.25,9.2,31,30,40,17,38,55,0
3.76,2.8,0.54,0.09,0.04,0.89,0.07,189,87.28,61.58,38.42,145,40.57,38.28,0.38,0.3,0.34,1.62,7.26,9.18,33,29,36,17,38,51,0
3.364,2.444,0.374,0.014,0.008,0.323,0.045,201,82.9,64.62,35.39,230,40.37,37.75,0.36,0.28,0.3,1.5,7.25,9.2,31,30,40,17,38,55,0
3.65,2.5,0.37,0.02,0.015,0.64,0.052,228,87.28,61.58,38.42,165,40.57,38.28,0.38,0.3,0.34,1.62,7.26,9.18,33,29,36,17,38,51,1
3.364,2.444,0.374,0.014,0.008,0.323,0.045,201,82.9,64.62,35.39,230,40.37,37.75,0.36,0.28,0.3,1.5,7.25,9.2,31,30,40,17,38,55,1
3.65,2.5,0.37,0.02,0.015,0.64,0.052,228,87.28,61.58,38.42,165,40.57,38.28,0.38,0.3,0.34,1.62,7.26,9.18,33,29,36,17,38,51,1
3.364,2.444,0.374,0.014,0.008,0.323,0.045,201,82.9,64.62,35.39,230,40.37,37.75,0.36,0.28,0.3,1.5,7.25,9.2,31,30,40,17,38,55,1
3.65,2.5,0.37,0.02,0.015,0.64,0.052,228,87.28,61.58,38.42,165,40.57,38.28,0.38,0.3,0.34,1.62,7.26,9.18,33,29,36,17,38,51,1
3.364,2.444,0.374,0.014,0.008,0.323,0.045,201,82.9,64.62,35.39,230,40.37,37.75,0.36,0.28,0.3,1.5,7.25,9.2,31,30,40,17,38,55,1
3.65,2.5,0.37,0.02,0.015,0.64,0.052,228,87.28,61.58,38.42,165,40.57,38.28,0.38,0.3,0.34,1.62,7.26,9.18,33,29,36,17,38,51,1
3.364,2.444,0.374,0.014,0.008,0.323,0.045,201,82.9,64.62,35.39,230,40.37,37.75,0.36,0.28,0.3,1.5,7.25,9.2,31,30,40,17,38,55,1
3.87,2.19,0.45,0.051,0.032,0.72,0.029,243,81.21,69.73,30.28,149,37.2,38.42,0.36,0.32,0.3,1.52,7.35,9.45,39,31,53,17,37,50,0
3.469,2.45,0.308,0.012,0.008,0.257,0.041,204,81.21,69.73,30.28,295,37.2,38.42,0.36,0.32,0.3,1.52,7.35,9.45,39,31,53,17,37,50,1
3.469,2.45,0.308,0.012,0.008,0.257,0.041,204,81.21,69.73,30.28,295,37.2,38.42,0.36,0.32,0.3,1.52,7.35,9.45,39,31,53,17,37,50,1
3.469,2.45,0.308,0.012,0.008,0.257,0.041,204,81.21,69.73,30.28,295,37.2,38.42,0.36,0.32,0.3,1.52,7.35,9.45,39,31,53,17,37,50,1
3.469,2.45,0.308,0.012,0.008,0.257,0.041,204,81.21,69.73,30.28,295,37.2,38.42,0.36,0.32,0.3,1.52,7.35,9.45,39,31,53,17,37,50,1
3.198,2.197,0.096,0.053,0.003,0.204,0.062,182,78.54,9,91,279,40.57,38.28,0.38,0.3,0.34,1.6,7.1,9.25,34,30,31,17,38,51,0
3.11,2.15,0.41,0.051,0.034,0.71,0.056,186,86.7,51.95,48.05,239,40.57,38.28,0.38,0.3,0.34,1.6,7.14,9.26,31,29,44,17,39,52,0
3.509,2.533,0.23,0.015,0.008,0.052,0.049,159,84.7,9,91,279,40.57,38.28,0.38,0.3,0.34,1.6,7.1,9.25,34,30,31,17,38,51,1
3.385,2.551,0.39,0.015,0.008,0.294,0.049,186,83.94,51.95,48.05,239,40.57,38.28,0.38,0.3,0.34,1.6,7.14,9.26,31,29,44,17,39,52,1
3.509,2.533,0.23,0.015,0.008,0.052,0.049,159,84.7,9,91,279,40.57,38.28,0.38,0.3,0.34,1.6,7.1,9.25,34,30,31,17,38,51,1
3.385,2.551,0.39,0.015,0.008,0.294,0.049,186,83.94,51.95,48.05,239,40.57,38.28,0.38,0.3,0.34,1.6,7.14,9.26,31,29,44,17,39,52,1
3.509,2.533,0.23,0.015,0.008,0.052,0.049,159,84.7,9,91,279,40.57,38.28,0.38,0.3,0.34,1.6,7.1,9.25,34,30,31,17,38,51,1
3.385,2.551,0.39,0.015,0.008,0.294,0.049,186,83.94,51.95,48.05,239,40.57,38.28,0.38,0.3,0.34,1.6,7.14,9.26,31,29,44,17,39,52,1
3.509,2.533,0.23,0.015,0.008,0.052,0.049,159,84.7,9,91,279,40.57,38.28,0.38,0.3,0.34,1.6,7.1,9.25,34,30,31,17,38,51,1
3.385,2.551,0.39,0.015,0.008,0.294,0.049,186,83.94,51.95,48.05,239,40.57,38.28,0.38,0.3,0.34,1.6,7.14,9.26,31,29,44,17,39,52,1
3.12,2.14,0.14,0.004,0.003,0.1,0.028,241,78.98,55.97,44.03,227,40.57,38.28,0.38,0.3,0.34,1.6,7.14,9.26,31,29,44,16,39,52,0
3.37,2.531,0.4,0.011,0.008,0.281,0.05,189,82.26,55.97,44.03,227,40.57,38.28,0.38,0.3,0.34,1.6,7.14,9.26,31,29,44,16,39,52,1
3.37,2.531,0.4,0.011,0.008,0.281,0.05,189,82.26,55.97,44.03,227,40.57,38.28,0.38,0.3,0.34,1.6,7.14,9.26,31,29,44,16,39,52,1
3.37,2.531,0.4,0.011,0.008,0.281,0.05,189,82.26,55.97,44.03,227,40.57,38.28,0.38,0.3,0.34,1.6,7.14,9.26,31,29,44,16,39,52,1
3.37,2.531,0.4,0.011,0.008,0.281,0.05,189,82.26,55.97,44.03,227,40.57,38.28,0.38,0.3,0.34,1.6,7.14,9.26,31,29,44,16,39,52,1
3.103,2.79,0.13,0.056,0.032,0.69,0.056,242,86.3,38.98,34.26,334,40.57,38.28,0.38,0.3,0.34,1.6,7.1,9.25,34,30,31,16,38,51,0
3.309,2.61,0.377,0.008,0.008,0.358,0.046,204,86.3,65.74,34.26,334,40.57,38.28,0.38,0.3,0.34,1.6,7.1,9.25,34,30,31,16,38,51,1
3.309,2.61,0.377,0.008,0.008,0.358,0.046,204,86.3,65.74,34.26,334,40.57,38.28,0.38,0.3,0.34,1.6,7.1,9.25,34,30,31,16,38,51,1
3.309,2.61,0.377,0.008,0.008,0.358,0.046,204,86.3,65.74,34.26,334,40.57,38.28,0.38,0.3,0.34,1.6,7.1,9.25,34,30,31,16,38,51,1
3.309,2.61,0.377,0.008,0.008,0.358,0.046,204,86.3,65.74,34.26,334,40.57,38.28,0.38,0.3,0.34,1.6,7.1,9.25,34,30,31,16,38,51,1
3.13,2.82,0.46,0.056,0.036,0.72,0.057,158,84.07,72.29,73.2,298,40.57,38.28,0.38,0.3,0.34,1.62,7.26,9.18,33,29,36,16,38,51,0
3.373,2.557,0.3,0.013,0.008,0.306,0.038,209,82.74,75.09,24.91,195,40.37,37.75,0.36,0.28,0.3,1.5,7.25,9.2,31,30,40,16,38,55,0
3.376,2.7,0.298,0.013,0.008,0.382,0.047,209,84.07,72.29,27.7,298,40.57,38.28,0.38,0.3,0.34,1.62,7.26,9.18,33,29,36,16,38,51,1
3.373,2.557,0.3,0.013,0.008,0.306,0.038,209,82.74,75.09,24.91,195,40.37,37.75,0.36,0.28,0.3,1.5,7.25,9.2,31,30,40,16,38,55,1
3.376,2.7,0.298,0.013,0.008,0.382,0.047,209,84.07,72.29,27.7,298,40.57,38.28,0.38,0.3,0.34,1.62,7.26,9.18,33,29,36,16,38,51,1
3.373,2.557,0.3,0.013,0.008,0.306,0.038,209,82.74,75.09,24.91,195,40.37,37.75,0.36,0.28,0.3,1.5,7.25,9.2,31,30,40,16,38,55,1
3.376,2.7,0.298,0.013,0.008,0.382,0.047,209,84.07,72.29,27.7,298,40.57,38.28,0.38,0.3,0.34,1.62,7.26,9.18,33,29,36,16,38,51,1
3.373,2.557,0.3,0.013,0.008,0.306,0.038,209,82.74,75.09,24.91,195,40.37,37.75,0.36,0.28,0.3,1.5,7.25,9.2,31,30,40,16,38,55,1
3.376,2.7,0.298,0.013,0.008,0.382,0.047,209,84.07,72.29,27.7,298,40.57,38.28,0.38,0.3,0.34,1.62,7.26,9.18,33,29,36,16,38,51,1
3.373,2.557,0.3,0.013,0.008,0.306,0.038,209,82.74,75.09,24.91,195,40.37,37.75,0.36,0.28,0.3,1.5,7.25,9.2,31,30,40,16,38,55,1
3.19,2.801,0.43,0.004,0.032,0.13,0.056,202,79.21,67.15,71.1,263,37.2,38.42,0.36,0.32,0.3,1.52,7.35,9.45,39,31,53,16,37,50,0
3.413,2.453,0.328,0.011,0.008,0.281,0.053,202,83.83,67.15,32.84,263,37.2,38.42,0.36,0.32,0.3,1.52,7.35,9.45,39,31,53,16,37,50,1
3.413,2.453,0.328,0.011,0.008,0.281,0.053,202,83.83,67.15,32.84,263,37.2,38.42,0.36,0.32,0.3,1.52,7.35,9.45,39,31,53,16,37,50,1
3.413,2.453,0.328,0.011,0.008,0.281,0.053,202,83.83,67.15,32.84,263,37.2,38.42,0.36,0.32,0.3,1.52,7.35,9.45,39,31,53,16,37,50,1
3.413,2.453,0.328,0.011,0.008,0.281,0.053,202,83.83,67.15,32.84,263,37.2,38.42,0.36,0.32,0.3,1.52,7.35,9.45,39,31,53,16,37,50,1
3.78,2.79,0.59,0.006,0.04,0.45,0.02,230,79.87,77.57,22.43,299,40.57,38.28,0.38,0.3,0.34,1.6,7.1,9.25,34,30,31,15,38,51,0
3.76,2.8,0.64,0.09,0.05,0.92,0.07,189,79.65,77.43,22.57,237,40.57,38.28,0.38,0.3,0.34,1.6,7.14,9.26,31,29,44,15,39,52,0
3.38,2.506,0.356,0.014,0.008,0.575,0.049,230,84.71,77.57,22.43,299,40.57,38.28,0.38,0.3,0.34,1.6,7.1,9.25,34,30,31,15,38,51,1
3.408,2.595,0.414,0.011,0.009,0.565,0.038,231,80.62,77.43,22.57,237,40.57,38.28,0.38,0.3,0.34,1.6,7.14,9.26,31,29,44,15,39,52,1
3.38,2.506,0.356,0.014,0.008,0.575,0.049,230,84.71,77.57,22.43,299,40.57,38.28,0.38,0.3,0.34,1.6,7.1,9.25,34,30,31,15,38,51,1
3.408,2.595,0.414,0.011,0.009,0.565,0.038,231,80.62,77.43,22.57,237,40.57,38.28,0.38,0.3,0.34,1.6,7.14,9.26,31,29,44,15,39,52,1
3.38,2.506,0.356,0.014,0.008,0.575,0.049,230,84.71,77.57,22.43,299,40.57,38.28,0.38,0.3,0.34,1.6,7.1,9.25,34,30,31,15,38,51,1
3.408,2.595,0.414,0.011,0.009,0.565,0.038,231,80.62,77.43,22.57,237,40.57,38.28,0.38,0.3,0.34,1.6,7.14,9.26,31,29,44,15,39,52,1
3.38,2.506,0.356,0.014,0.008,0.575,0.049,230,84.71,77.57,22.43,299,40.57,38.28,0.38,0.3,0.34,1.6,7.1,9.25,34,30,31,15,38,51,1
3.408,2.595,0.414,0.011,0.009,0.565,0.038,231,80.62,77.43,22.57,237,40.57,38.28,0.38,0.3,0.34,1.6,7.14,9.26,31,29,44,15,39,52,1
3.143,2.78,0.42,0.002,0.036,0.73,0.042,241,78.54,52.71,47.3,302,37.2,38.42,0.38,0.3,0.34,1.6,7.1,9.25,34,30,31,14,38,51,0
3.354,2.392,0.273,0.011,0.008,0.294,0.048,192,81.52,52.71,47.3,302,37.2,38.42,0.38,0.3,0.34,1.6,7.1,9.25,34,30,31,14,38,51,1
3.354,2.392,0.273,0.011,0.008,0.294,0.048,192,81.52,52.71,47.3,302,37.2,38.42,0.38,0.3,0.34,1.6,7.1,9.25,34,30,31,14,38,51,1
3.354,2.392,0.273,0.011,0.008,0.294,0.048,192,81.52,52.71,47.3,302,37.2,38.42,0.38,0.3,0.34,1.6,7.1,9.25,34,30,31,14,38,51,1
3.354,2.392,0.273,0.011,0.008,0.294,0.048,192,81.52,52.71,47.3,302,37.2,38.42,0.38,0.3,0.34,1.6,7.1,9.25,34,30,31,14,38,51,1
3.912,2.771,0.458,0.055,0.033,0.652,0.052,148,70.21,58.81,41.19,250,39.48,38.67,0.34,0.32,0.34,1.59,8.15,9.35,35,30,59,36,39,54,0
3.447,2.465,0.358,0.012,0.008,0.313,0.052,190,80.73,58.81,41.19,305,39.48,38.67,0.34,0.32,0.34,1.59,8.15,9.35,35,30,59,36,39,54,0
3.447,2.465,0.358,0.012,0.008,0.313,0.052,190,80.73,58.81,41.19,305,39.48,38.67,0.34,0.32,0.34,1.59,8.15,9.35,35,30,59,36,39,54,1
3.447,2.465,0.358,0.012,0.008,0.313,0.052,190,80.73,58.81,41.19,305,39.48,38.67,0.34,0.32,0.34,1.59,8.15,9.35,35,30,59,36,39,54,1
3.447,2.465,0.358,0.012,0.008,0.313,0.052,190,80.73,58.81,41.19,305,39.48,38.67,0.34,0.32,0.34,1.59,8.15,9.35,35,30,59,36,39,54,1
3.447,2.465,0.358,0.012,0.008,0.313,0.052,190,80.73,58.81,41.19,305,39.48,38.67,0.34,0.32,0.34,1.59,8.15,9.35,35,30,59,36,39,54,1
3.012,2.156,0.111,0.032,0.011,0.256,0.048,152,81.77,4.7,95.3,306,39.48,38.67,0.34,0.32,0.34,1.59,8.15,9.35,35,30,59,35,39,54,0
3.501,2.364,0.26,0.019,0.008,0.047,0.048,152,81.77,4.7,95.3,306,39.48,38.67,0.34,0.32,0.34,1.59,8.15,9.35,35,30,59,35,39,54,0
3.501,2.364,0.26,0.019,0.008,0.047,0.048,152,81.77,4.7,95.3,306,39.48,38.67,0.34,0.32,0.34,1.59,8.15,9.35,35,30,59,35,39,54,1
3.501,2.364,0.26,0.019,0.008,0.047,0.048,152,81.77,4.7,95.3,306,39.48,38.67,0.34,0.32,0.34,1.59,8.15,9.35,35,30,59,35,39,54,1
3.501,2.364,0.26,0.019,0.008,0.047,0.048,152,81.77,4.7,95.3,306,39.48,38.67,0.34,0.32,0.34,1.59,8.15,9.35,35,30,59,35,39,54,1
3.501,2.364,0.26,0.019,0.008,0.047,0.048,152,81.77,4.7,95.3,306,39.48,38.67,0.34,0.32,0.34,1.59,8.15,9.35,35,30,59,35,39,54,1
3.159,2.874,0.412,0.042,0.032,0.789,0.045,150,82.11,63.64,36.37,316,39.48,38.67,0.34,0.32,0.34,1.59,8.15,9.35,35,30,59,34,39,54,0
3.391,2.494,0.351,0.016,0.008,0.282,0.045,201,82.11,63.64,36.37,316,39.48,38.67,0.34,0.32,0.34,1.59,8.15,9.35,35,30,59,34,39,54,0
3.391,2.494,0.351,0.016,0.008,0.282,0.045,201,82.11,63.64,36.37,316,39.48,38.67,0.34,0.32,0.34,1.59,8.15,9.35,35,30,59,34,39,54,1
3.391,2.494,0.351,0.016,0.008,0.282,0.045,201,82.11,63.64,36.37,316,39.48,38.67,0.34,0.32,0.34,1.59,8.15,9.35,35,30,59,34,39,54,1
3.391,2.494,0.351,0.016,0.008,0.282,0.045,201,82.11,63.64,36.37,316,39.48,38.67,0.34,0.32,0.34,1.59,8.15,9.35,35,30,59,34,39,54,1
3.391,2.494,0.351,0.016,0.008,0.282,0.045,201,82.11,63.64,36.37,316,39.48,38.67,0.34,0.32,0.34,1.59,8.15,9.35,35,30,59,34,39,54,1
3.001,2.189,0.012,0.004,0.002,0.235,0.044,157,75.25,8.15,91.84,297,39.48,38.67,0.34,0.32,0.34,1.59,8.15,9.35,35,30,59,33,39,54,0
3.504,2.303,0.253,0.018,0.008,0.038,0.044,157,83.44,8.15,91.84,297,39.48,38.67,0.34,0.32,0.34,1.59,8.15,9.35,35,30,59,33,39,54,0
3.504,2.303,0.253,0.018,0.008,0.038,0.044,157,83.44,8.15,91.84,297,39.48,38.67,0.34,0.32,0.34,1.59,8.15,9.35,35,30,59,33,39,54,1
3.504,2.303,0.253,0.018,0.008,0.038,0.044,157,83.44,8.15,91.84,297,39.48,38.67,0.34,0.32,0.34,1.59,8.15,9.35,35,30,59,33,39,54,1
3.504,2.303,0.253,0.018,0.008,0.038,0.044,157,83.44,8.15,91.84,297,39.48,38.67,0.34,0.32,0.34,1.59,8.15,9.35,35,30,59,33,39,54,1
3.504,2.303,0.253,0.018,0.008,0.038,0.044,157,83.44,8.15,91.84,297,39.48,38.67,0.34,0.32,0.34,1.59,8.15,9.35,35,30,59,33,39,54,1
3.123,2.135,0.145,0.004,0.003,0.145,0.043,145,80.48,60.32,39.69,301,39.48,38.67,0.34,0.32,0.34,1.59,8.15,9.35,35,30,59,32,39,54,0
3.36,2.609,0.39,0.013,0.008,0.309,0.043,198,80.48,60.32,39.69,301,39.48,38.67,0.34,0.32,0.34,1.59,8.15,9.35,35,30,59,32,39,54,0
3.36,2.609,0.39,0.013,0.008,0.309,0.043,198,80.48,60.32,39.69,301,39.48,38.67,0.34,0.32,0.34,1.59,8.15,9.35,35,30,59,32,39,54,1
3.36,2.609,0.39,0.013,0.008,0.309,0.043,198,80.48,60.32,39.69,301,39.48,38.67,0.34,0.32,0.34,1.59,8.15,9.35,35,30,59,32,39,54,1
3.36,2.609,0.39,0.013,0.008,0.309,0.043,198,80.48,60.32,39.69,301,39.48,38.67,0.34,0.32,0.34,1.59,8.15,9.35,35,30,59,32,39,54,1
3.36,2.609,0.39,0.013,0.008,0.309,0.043,198,80.48,60.32,39.69,301,39.48,38.67,0.34,0.32,0.34,1.59,8.15,9.35,35,30,59,32,39,54,1
3.654,2.825,0.652,0.09,0.042,0.921,0.05,185,83.45,73.08,26.92,274,39.48,38.67,0.34,0.32,0.32,1.64,7.55,9.3,36,31,46,29,35,55,0
3.389,2.513,0.396,0.014,0.008,0.64,0.05,226,83.45,73.08,26.92,274,39.48,38.67,0.34,0.32,0.32,1.64,7.55,9.3,36,31,46,29,35,55,0
3.389,2.513,0.396,0.014,0.008,0.64,0.05,226,83.45,73.08,26.92,274,39.48,38.67,0.34,0.32,0.32,1.64,7.55,9.3,36,31,46,29,35,55,1
3.389,2.513,0.396,0.014,0.008,0.64,0.05,226,83.45,73.08,26.92,274,39.48,38.67,0.34,0.32,0.32,1.64,7.55,9.3,36,31,46,29,35,55,1
3.389,2.513,0.396,0.014,0.008,0.64,0.05,226,83.45,73.08,26.92,274,39.48,38.67,0.34,0.32,0.32,1.64,7.55,9.3,36,31,46,29,35,55,1
3.389,2.513,0.396,0.014,0.008,0.64,0.05,226,83.45,73.08,26.92,274,39.48,38.67,0.34,0.32,0.32,1.64,7.55,9.3,36,31,46,29,35,55,1
3.105,2.198,0.416,0.057,0.0412,0.325,0.051,162,81.14,12.11,87.89,302,39.48,38.67,0.34,0.32,0.32,1.64,7.55,9.3,36,31,46,28,35,55,0
3.583,2.391,0.273,0.014,0.01,0.081,0.051,162,81.14,12.11,87.89,302,39.48,38.67,0.34,0.32,0.32,1.64,7.55,9.3,36,31,46,28,35,55,0
3.583,2.391,0.273,0.014,0.01,0.081,0.051,162,81.14,12.11,87.89,302,39.48,38.67,0.34,0.32,0.32,1.64,7.55,9.3,36,31,46,28,35,55,1
3.583,2.391,0.273,0.014,0.01,0.081,0.051,162,81.14,12.11,87.89,302,39.48,38.67,0.34,0.32,0.32,1.64,7.55,9.3,36,31,46,28,35,55,1
3.583,2.391,0.273,0.014,0.01,0.081,0.051,162,81.14,12.11,87.89,302,39.48,38.67,0.34,0.32,0.32,1.64,7.55,9.3,36,31,46,28,35,55,1
3.583,2.391,0.273,0.014,0.01,0.081,0.051,162,81.14,12.11,87.89,302,39.48,38.67,0.34,0.32,0.32,1.64,7.55,9.3,36,31,46,28,35,55,1
3.142,2.744,0.587,0.087,0.032,0.879,0.04,271,83.98,77.35,22.66,349,39.48,38.67,0.34,0.32,0.32,1.64,7.55,9.3,36,31,46,27,35,55,0
3.515,2.658,0.442,0.01,0.009,0.614,0.04,228,83.98,77.35,22.66,349,39.48,38.67,0.34,0.32,0.32,1.64,7.55,9.3,36,31,46,27,35,55,0
3.515,2.658,0.442,0.01,0.009,0.614,0.04,228,83.98,77.35,22.66,349,39.48,38.67,0.34,0.32,0.32,1.64,7.55,9.3,36,31,46,27,35,55,1
3.515,2.658,0.442,0.01,0.009,0.614,0.04,228,83.98,77.35,22.66,349,39.48,38.67,0.34,0.32,0.32,1.64,7.55,9.3,36,31,46,27,35,55,1
3.515,2.658,0.442,0.01,0.009,0.614,0.04,228,83.98,77.35,22.66,349,39.48,38.67,0.34,0.32,0.32,1.64,7.55,9.3,36,31,46,27,35,55,1
3.515,2.658,0.442,0.01,0.009,0.614,0.04,228,83.98,77.35,22.66,349,39.48,38.67,0.34,0.32,0.32,1.64,7.55,9.3,36,31,46,27,35,55,1
3.809,2.861,0.415,0.056,0.032,0.712,0.052,157,74.23,65.45,34.54,150,39.48,38.67,0.34,0.32,0.32,1.64,7.55,9.3,36,31,46,26,35,55,0
3.444,2.397,0.4,0.011,0.008,0.313,0.05,204,83.27,65.45,34.54,391,39.48,38.67,0.34,0.32,0.32,1.64,7.55,9.3,36,31,46,26,35,55,0
3.444,2.397,0.4,0.011,0.008,0.313,0.05,204,83.27,65.45,34.54,391,39.48,38.67,0.34,0.32,0.32,1.64,7.55,9.3,36,31,46,26,35,55,1
3.444,2.397,0.4,0.011,0.008,0.313,0.05,204,83.27,65.45,34.54,391,39.48,38.67,0.34,0.32,0.32,1.64,7.55,9.3,36,31,46,26,35,55,1
3.444,2.397,0.4,0.011,0.008,0.313,0.05,204,83.27,65.45,34.54,391,39.48,38.67,0.34,0.32,0.32,1.64,7.55,9.3,36,31,46,26,35,55,1
3.444,2.397,0.4,0.011,0.008,0.313,0.05,204,83.27,65.45,34.54,391,39.48,38.67,0.34,0.32,0.32,1.64,7.55,9.3,36,31,46,26,35,55,1
3.885,2.815,0.412,0.052,0.035,0.125,0.036,149,76.21,71.37,28.64,155,39.48,38.67,0.34,0.32,0.32,1.64,7.55,9.3,36,31,46,25,35,55,0
3.335,2.519,0.333,0.009,0.01,0.326,0.036,207,82.69,71.37,28.64,277,39.48,38.67,0.34,0.32,0.32,1.64,7.55,9.3,36,31,46,25,35,55,0
3.335,2.519,0.333,0.009,0.01,0.326,0.036,207,82.69,71.37,28.64,277,39.48,38.67,0.34,0.32,0.32,1.64,7.55,9.3,36,31,46,25,35,55,1
3.335,2.519,0.333,0.009,0.01,0.326,0.036,207,82.69,71.37,28.64,277,39.48,38.67,0.34,0.32,0.32,1.64,7.55,9.3,36,31,46,25,35,55,1
3.335,2.519,0.333,0.009,0.01,0.326,0.036,207,82.69,71.37,28.64,277,39.48,38.67,0.34,0.32,0.32,1.64,7.55,9.3,36,31,46,25,35,55,1
3.335,2.519,0.333,0.009,0.01,0.326,0.036,207,82.69,71.37,28.64,277,39.48,38.67,0.34,0.32,0.32,1.64,7.55,9.3,36,31,46,25,35,55,1
3.712,2.198,0.308,0.004,0.032,0.004,0.024,128,81.58,13.13,86.87,279,37.2,38.42,0.36,0.32,0.34,1.56,7.25,9.4,34,35,38,24,35,55,0
3.512,2.424,0.241,0.012,0.009,0.065,0.045,168,81.58,13.13,86.87,279,37.2,38.42,0.36,0.32,0.34,1.56,7.25,9.4,34,35,38,24,35,55,1
3.512,2.424,0.241,0.012,0.009,0.065,0.045,168,81.58,13.13,86.87,279,37.2,38.42,0.36,0.32,0.34,1.56,7.25,9.4,34,35,38,24,35,55,1
3.512,2.424,0.241,0.012,0.009,0.065,0.045,168,81.58,13.13,86.87,279,37.2,38.42,0.36,0.32,0.34,1.56,7.25,9.4,34,35,38,24,35,55,1
3.512,2.424,0.241,0.012,0.009,0.065,0.045,168,81.58,13.13,86.87,279,37.2,38.42,0.36,0.32,0.34,1.56,7.25,9.4,34,35,38,24,35,55,1
3.029,2.156,0.412,0.051,0.032,0.001,0.046,125,82.21,6.47,93.52,310,40.37,37.75,0.36,0.28,0.32,1.52,7.35,9.25,39,31,48,24,38,51,0
3.382,2.56,0.288,0.015,0.008,0.076,0.046,155,82.21,6.47,93.52,310,40.37,37.75,0.36,0.28,0.32,1.52,7.35,9.25,39,31,48,24,38,51,0
3.382,2.56,0.288,0.015,0.008,0.076,0.046,155,82.21,6.47,93.52,310,40.37,37.75,0.36,0.28,0.32,1.52,7.35,9.25,39,31,48,24,38,51,1
3.382,2.56,0.288,0.015,0.008,0.076,0.046,155,82.21,6.47,93.52,310,40.37,37.75,0.36,0.28,0.32,1.52,7.35,9.25,39,31,48,24,38,51,1
3.382,2.56,0.288,0.015,0.008,0.076,0.046,155,82.21,6.47,93.52,310,40.37,37.75,0.36,0.28,0.32,1.52,7.35,9.25,39,31,48,24,38,51,1
3.382,2.56,0.288,0.015,0.008,0.076,0.046,155,82.21,6.47,93.52,310,40.37,37.75,0.36,0.28,0.32,1.52,7.35,9.25,39,31,48,24,38,51,1
3.723,2.196,0.095,0.062,0.034,0.204,0.064,128,81.14,10.5,89.5,302,40.57,38.28,0.38,0.3,0.32,1.52,7.2,9.3,37,28,32,24,36,55,0
3.12,2.14,0.14,0.002,0.004,0.14,0.058,159,76.97,68.27,31.73,259,40.37,37.75,0.36,0.28,0.32,1.56,7.2,9.15,38,29,40,24,35,54,0
3.484,2.433,0.212,0.014,0.008,0.042,0.045,160,81.14,10.5,89.5,302,40.57,38.28,0.38,0.3,0.32,1.52,7.2,9.3,37,28,32,24,36,55,1
3.479,2.568,0.309,0.015,0.008,0.341,0.051,205,82.27,68.27,31.73,259,40.37,37.75,0.36,0.28,0.32,1.56,7.2,9.15,38,29,40,24,35,54,1
3.484,2.433,0.212,0.014,0.008,0.042,0.045,160,81.14,10.5,89.5,302,40.57,38.28,0.38,0.3,0.32,1.52,7.2,9.3,37,28,32,24,36,55,1
3.479,2.568,0.309,0.015,0.008,0.341,0.051,205,82.27,68.27,31.73,259,40.37,37.75,0.36,0.28,0.32,1.56,7.2,9.15,38,29,40,24,35,54,1
3.484,2.433,0.212,0.014,0.008,0.042,0.045,160,81.14,10.5,89.5,302,40.57,38.28,0.38,0.3,0.32,1.52,7.2,9.3,37,28,32,24,36,55,1
3.479,2.568,0.309,0.015,0.008,0.341,0.051,205,82.27,68.27,31.73,259,40.37,37.75,0.36,0.28,0.32,1.56,7.2,9.15,38,29,40,24,35,54,1
3.484,2.433,0.212,0.014,0.008,0.042,0.045,160,81.14,10.5,89.5,302,40.57,38.28,0.38,0.3,0.32,1.52,7.2,9.3,37,28,32,24,36,55,1
3.479,2.568,0.309,0.015,0.008,0.341,0.051,205,82.27,68.27,31.73,259,40.37,37.75,0.36,0.28,0.32,1.56,7.2,9.15,38,29,40,24,35,54,1
3.123,2.898,0.025,0.09,0.004,0.04,0.054,242,83.86,89.93,41.07,331,40.37,37.75,0.36,0.28,0.3,1.5,7.25,9.2,31,30,40,23,38,55,0
3.98,2.82,0.42,0.003,0.004,0.12,0.056,193,79.87,58.91,41.09,297,40.37,37.75,0.36,0.28,0.32,1.56,7.2,9.15,38,29,40,23,35,54,0
3.445,2.451,0.337,0.014,0.008,0.313,0.048,193,83.46,58.91,41.09,297,40.37,37.75,0.36,0.28,0.32,1.56,7.2,9.15,38,29,40,23,35,54,1
3.445,2.451,0.337,0.014,0.008,0.313,0.048,193,83.46,58.91,41.09,297,40.37,37.75,0.36,0.28,0.32,1.56,7.2,9.15,38,29,40,23,35,54,1
3.445,2.451,0.337,0.014,0.008,0.313,0.048,193,83.46,58.91,41.09,297,40.37,37.75,0.36,0.28,0.32,1.56,7.2,9.15,38,29,40,23,35,54,1
3.445,2.451,0.337,0.014,0.008,0.313,0.048,193,83.46,58.91,41.09,297,40.37,37.75,0.36,0.28,0.32,1.56,7.2,9.15,38,29,40,23,35,54,1
3.89,2.79,0.14,0.002,0.035,0.71,0.057,243,84.5,38.87,43.86,321,40.57,38.28,0.38,0.3,0.32,1.52,7.2,9.3,37,28,32,23,36,55,0
3.371,2.533,0.304,0.011,0.008,0.297,0.045,187,84.5,56.15,43.86,321,40.57,38.28,0.38,0.3,0.32,1.52,7.2,9.3,37,28,32,23,36,55,1
3.371,2.533,0.304,0.011,0.008,0.297,0.045,187,84.5,56.15,43.86,321,40.57,38.28,0.38,0.3,0.32,1.52,7.2,9.3,37,28,32,23,36,55,1
3.371,2.533,0.304,0.011,0.008,0.297,0.045,187,84.5,56.15,43.86,321,40.57,38.28,0.38,0.3,0.32,1.52,7.2,9.3,37,28,32,23,36,55,1
3.371,2.533,0.304,0.011,0.008,0.297,0.045,187,84.5,56.15,43.86,321,40.57,38.28,0.38,0.3,0.32,1.52,7.2,9.3,37,28,32,23,36,55,1
3.417,2.426,0.318,0.012,0.008,0.315,0.045,205,80.95,68.47,31.52,224,37.2,38.42,0.36,0.32,0.34,1.56,7.25,9.4,34,35,38,23,35,55,0
3.417,2.426,0.318,0.012,0.008,0.315,0.045,205,80.95,68.47,31.52,224,37.2,38.42,0.36,0.32,0.34,1.56,7.25,9.4,34,35,38,23,35,55,0
3.417,2.426,0.318,0.012,0.008,0.315,0.045,205,80.95,68.47,31.52,224,37.2,38.42,0.36,0.32,0.34,1.56,7.25,9.4,34,35,38,23,35,55,0
3.417,2.426,0.318,0.012,0.008,0.315,0.045,205,80.95,68.47,31.52,224,37.2,38.42,0.36,0.32,0.34,1.56,7.25,9.4,34,35,38,23,35,55,0
3.143,2.87,0.421,0.004,0.043,0.76,0.059,205,80.95,68.47,31.52,224,37.2,38.42,0.36,0.32,0.34,1.56,7.25,9.4,34,35,38,23,35,55,0
3.025,2.891,0.358,0.021,0.011,0.776,0.049,207,83.82,61.99,38.01,279,40.37,37.75,0.36,0.28,0.32,1.52,7.35,9.25,39,31,48,23,38,51,0
3.393,2.663,0.36,0.013,0.008,0.313,0.049,199,83.82,61.99,38.01,279,40.37,37.75,0.36,0.28,0.32,1.52,7.35,9.25,39,31,48,23,38,51,0
3.393,2.663,0.36,0.013,0.008,0.313,0.049,199,83.82,61.99,38.01,279,40.37,37.75,0.36,0.28,0.32,1.52,7.35,9.25,39,31,48,23,38,51,1
3.393,2.663,0.36,0.013,0.008,0.313,0.049,199,83.82,61.99,38.01,279,40.37,37.75,0.36,0.28,0.32,1.52,7.35,9.25,39,31,48,23,38,51,1
3.393,2.663,0.36,0.013,0.008,0.313,0.049,199,83.82,61.99,38.01,279,40.37,37.75,0.36,0.28,0.32,1.52,7.35,9.25,39,31,48,23,38,51,1
3.393,2.663,0.36,0.013,0.008,0.313,0.049,199,83.82,61.99,38.01,279,40.37,37.75,0.36,0.28,0.32,1.52,7.35,9.25,39,31,48,23,38,51,1
3.89,2.15,0.14,0.051,0.035,0.67,0.056,158,78.98,60.99,39.01,216,37.2,38.42,0.36,0.32,0.32,1.64,7.4,9.34,37,32,33,23,35,55,0
3.447,2.561,0.365,0.012,0.01,0.316,0.042,199,85.13,60.99,39.01,216,37.2,38.42,0.36,0.32,0.32,1.64,7.4,9.34,37,32,33,23,35,55,1
3.447,2.561,0.365,0.012,0.01,0.316,0.042,199,85.13,60.99,39.01,216,37.2,38.42,0.36,0.32,0.32,1.64,7.4,9.34,37,32,33,23,35,55,1
3.447,2.561,0.365,0.012,0.01,0.316,0.042,199,85.13,60.99,39.01,216,37.2,38.42,0.36,0.32,0.32,1.64,7.4,9.34,37,32,33,23,35,55,1
3.447,2.561,0.365,0.012,0.01,0.316,0.042,199,85.13,60.99,39.01,216,37.2,38.42,0.36,0.32,0.32,1.64,7.4,9.34,37,32,33,23,35,55,1
3.76,2.82,0.65,0.004,0.04,0.45,0.07,226,79.23,78.87,21.13,292,37.2,38.42,0.36,0.32,0.32,1.64,7.4,9.34,37,32,33,22,35,55,0
3.275,2.469,0.431,0.011,0.008,0.606,0.043,226,80.89,78.87,21.13,292,37.2,38.42,0.36,0.32,0.32,1.64,7.4,9.34,37,32,33,22,35,55,1
3.275,2.469,0.431,0.011,0.008,0.606,0.043,226,80.89,78.87,21.13,292,37.2,38.42,0.36,0.32,0.32,1.64,7.4,9.34,37,32,33,22,35,55,1
3.275,2.469,0.431,0.011,0.008,0.606,0.043,226,80.89,78.87,21.13,292,37.2,38.42,0.36,0.32,0.32,1.64,7.4,9.34,37,32,33,22,35,55,1
3.275,2.469,0.431,0.011,0.008,0.606,0.043,226,80.89,78.87,21.13,292,37.2,38.42,0.36,0.32,0.32,1.64,7.4,9.34,37,32,33,22,35,55,1
3.196,2.705,0.095,0.004,0.037,0.003,0.063,182,82.7,26,82.09,294,40.57,38.28,0.38,0.3,0.32,1.52,7.2,9.3,37,28,32,22,36,55,0
3.128,2.198,0.097,0.001,0.002,0.004,0.063,182,79.87,26.87,92.61,233,40.37,37.75,0.36,0.28,0.32,1.56,7.2,9.15,38,29,40,22,35,54,0
3.474,2.356,0.24,0.013,0.008,0.05,0.047,169,82.7,17.91,82.09,294,40.57,38.28,0.38,0.3,0.32,1.52,7.2,9.3,37,28,32,22,36,55,1
3.469,2.538,0.243,0.015,0.008,0.041,0.044,159,80.55,7.39,92.61,233,40.37,37.75,0.36,0.28,0.32,1.56,7.2,9.15,38,29,40,22,35,54,1
3.474,2.356,0.24,0.013,0.008,0.05,0.047,169,82.7,17.91,82.09,294,40.57,38.28,0.38,0.3,0.32,1.52,7.2,9.3,37,28,32,22,36,55,1
3.469,2.538,0.243,0.015,0.008,0.041,0.044,159,80.55,7.39,92.61,233,40.37,37.75,0.36,0.28,0.32,1.56,7.2,9.15,38,29,40,22,35,54,1
3.474,2.356,0.24,0.013,0.008,0.05,0.047,169,82.7,17.91,82.09,294,40.57,38.28,0.38,0.3,0.32,1.52,7.2,9.3,37,28,32,22,36,55,1
3.469,2.538,0.243,0.015,0.008,0.041,0.044,159,80.55,7.39,92.61,233,40.37,37.75,0.36,0.28,0.32,1.56,7.2,9.15,38,29,40,22,35,54,1
3.474,2.356,0.24,0.013,0.008,0.05,0.047,169,82.7,17.91,82.09,294,40.57,38.28,0.38,0.3,0.32,1.52,7.2,9.3,37,28,32,22,36,55,1
3.469,2.538,0.243,0.015,0.008,0.041,0.044,159,80.55,7.39,92.61,233,40.37,37.75,0.36,0.28,0.32,1.56,7.2,9.15,38,29,40,22,35,54,1
3.187,2.8,0.65,0.09,0.04,0.43,0.02,232,87.26,80.45,41,276,37.2,38.42,0.36,0.32,0.34,1.56,7.25,9.4,34,35,38,22,35,55,0
3.357,2.459,0.367,0.01,0.009,0.592,0.051,232,87.26,80.45,19.55,276,37.2,38.42,0.36,0.32,0.34,1.56,7.25,9.4,34,35,38,22,35,55,1
3.357,2.459,0.367,0.01,0.009,0.592,0.051,232,87.26,80.45,19.55,276,37.2,38.42,0.36,0.32,0.34,1.56,7.25,9.4,34,35,38,22,35,55,1
3.357,2.459,0.367,0.01,0.009,0.592,0.051,232,87.26,80.45,19.55,276,37.2,38.42,0.36,0.32,0.34,1.56,7.25,9.4,34,35,38,22,35,55,1
3.357,2.459,0.367,0.01,0.009,0.592,0.051,232,87.26,80.45,19.55,276,37.2,38.42,0.36,0.32,0.34,1.56,7.25,9.4,34,35,38,22,35,55,1
3.887,2.856,0.325,0.012,0.004,0.762,0.041,200,80.26,63.36,36.64,300,40.37,37.75,0.36,0.28,0.32,1.52,7.35,9.25,39,31,48,22,38,51,0
3.597,2.587,0.4,0.013,0.008,0.312,0.041,200,80.7,63.36,36.64,300,40.37,37.75,0.36,0.28,0.32,1.52,7.35,9.25,39,31,48,22,38,51,0
3.597,2.587,0.4,0.013,0.008,0.312,0.041,200,80.7,63.36,36.64,300,40.37,37.75,0.36,0.28,0.32,1.52,7.35,9.25,39,31,48,22,38,51,1
3.597,2.587,0.4,0.013,0.008,0.312,0.041,200,80.7,63.36,36.64,300,40.37,37.75,0.36,0.28,0.32,1.52,7.35,9.25,39,31,48,22,38,51,1
3.597,2.587,0.4,0.013,0.008,0.312,0.041,200,80.7,63.36,36.64,300,40.37,37.75,0.36,0.28,0.32,1.52,7.35,9.25,39,31,48,22,38,51,1
3.597,2.587,0.4,0.013,0.008,0.312,0.041,200,80.7,63.36,36.64,300,40.37,37.75,0.36,0.28,0.32,1.52,7.35,9.25,39,31,48,22,38,51,1
3.123,2.871,0.345,0.004,0.013,0.725,0.044,200,84.59,60.08,39.92,292,40.37,37.75,0.36,0.28,0.32,1.52,7.35,9.25,39,31,48,21,38,51,0
3.463,2.37,0.391,0.013,0.008,0.296,0.044,200,84.59,60.08,39.92,292,40.37,37.75,0.36,0.28,0.32,1.52,7.35,9.25,39,31,48,21,38,51,0
3.463,2.37,0.391,0.013,0.008,0.296,0.044,200,84.59,60.08,39.92,292,40.37,37.75,0.36,0.28,0.32,1.52,7.35,9.25,39,31,48,21,38,51,1
3.463,2.37,0.391,0.013,0.008,0.296,0.044,200,84.59,60.08,39.92,292,40.37,37.75,0.36,0.28,0.32,1.52,7.35,9.25,39,31,48,21,38,51,1
3.463,2.37,0.391,0.013,0.008,0.296,0.044,200,84.59,60.08,39.92,292,40.37,37.75,0.36,0.28,0.32,1.52,7.35,9.25,39,31,48,21,38,51,1
3.463,2.37,0.391,0.013,0.008,0.296,0.044,200,84.59,60.08,39.92,292,40.37,37.75,0.36,0.28,0.32,1.52,7.35,9.25,39,31,48,21,38,51,1
3.12,2.8,0.41,0.003,0.034,0.69,0.029,191,84.8,38.98,45.24,319,37.2,38.42,0.36,0.32,0.32,1.64,7.4,9.34,37,32,33,21,35,55,0
3.388,2.578,0.316,0.013,0.008,0.299,0.045,191,84.8,54.76,45.24,319,37.2,38.42,0.36,0.32,0.32,1.64,7.4,9.34,37,32,33,21,35,55,1
3.388,2.578,0.316,0.013,0.008,0.299,0.045,191,84.8,54.76,45.24,319,37.2,38.42,0.36,0.32,0.32,1.64,7.4,9.34,37,32,33,21,35,55,1
3.388,2.578,0.316,0.013,0.008,0.299,0.045,191,84.8,54.76,45.24,319,37.2,38.42,0.36,0.32,0.32,1.64,7.4,9.34,37,32,33,21,35,55,1
3.388,2.578,0.316,0.013,0.008,0.299,0.045,191,84.8,54.76,45.24,319,37.2,38.42,0.36,0.32,0.32,1.64,7.4,9.34,37,32,33,21,35,55,1
3.84,2.79,0.13,0.003,0.038,0.69,0.058,158,79.54,59.9,40.1,285,40.57,38.28,0.38,0.3,0.32,1.52,7.2,9.3,37,28,32,21,36,55,0
3.753,2.703,0.098,0.003,0.002,0.001,0.024,162,81.02,25.98,89.68,260,40.37,37.75,0.36,0.28,0.32,1.56,7.2,9.15,38,29,40,21,35,54,0
3.369,2.497,0.315,0.009,0.008,0.319,0.048,188,80.74,59.9,40.1,285,40.57,38.28,0.38,0.3,0.32,1.52,7.2,9.3,37,28,32,21,36,55,1
3.475,2.403,0.232,0.013,0.008,0.046,0.042,162,81.02,10.33,89.68,260,40.37,37.75,0.36,0.28,0.32,1.56,7.2,9.15,38,29,40,21,35,54,1
3.369,2.497,0.315,0.009,0.008,0.319,0.048,188,80.74,59.9,40.1,285,40.57,38.28,0.38,0.3,0.32,1.52,7.2,9.3,37,28,32,21,36,55,1
3.475,2.403,0.232,0.013,0.008,0.046,0.042,162,81.02,10.33,89.68,260,40.37,37.75,0.36,0.28,0.32,1.56,7.2,9.15,38,29,40,21,35,54,1
3.369,2.497,0.315,0.009,0.008,0.319,0.048,188,80.74,59.9,40.1,285,40.57,38.28,0.38,0.3,0.32,1.52,7.2,9.3,37,28,32,21,36,55,1
3.475,2.403,0.232,0.013,0.008,0.046,0.042,162,81.02,10.33,89.68,260,40.37,37.75,0.36,0.28,0.32,1.56,7.2,9.15,38,29,40,21,35,54,1
3.369,2.497,0.315,0.009,0.008,0.319,0.048,188,80.74,59.9,40.1,285,40.57,38.28,0.38,0.3,0.32,1.52,7.2,9.3,37,28,32,21,36,55,1
3.475,2.403,0.232,0.013,0.008,0.046,0.042,162,81.02,10.33,89.68,260,40.37,37.75,0.36,0.28,0.32,1.56,7.2,9.15,38,29,40,21,35,54,1
3.192,2.709,0.306,0.059,0.034,0.004,0.062,168,78.76,16.19,83.8,149,37.2,38.42,0.36,0.32,0.34,1.56,7.25,9.4,34,35,38,21,35,55,0
3.406,2.351,0.215,0.014,0.008,0.09,0.04,168,80.34,16.19,83.8,264,37.2,38.42,0.36,0.32,0.34,1.56,7.25,9.4,34,35,38,21,35,55,1
3.406,2.351,0.215,0.014,0.008,0.09,0.04,168,80.34,16.19,83.8,264,37.2,38.42,0.36,0.32,0.34,1.56,7.25,9.4,34,35,38,21,35,55,1
3.406,2.351,0.215,0.014,0.008,0.09,0.04,168,80.34,16.19,83.8,264,37.2,38.42,0.36,0.32,0.34,1.56,7.25,9.4,34,35,38,21,35,55,1
3.406,2.351,0.215,0.014,0.008,0.09,0.04,168,80.34,16.19,83.8,264,37.2,38.42,0.36,0.32,0.34,1.56,7.25,9.4,34,35,38,21,35,55,1
3.17,2.198,0.325,0.054,0.032,0.231,0.024,183,82.83,26,85.82,331,40.37,37.75,0.38,0.3,0.34,1.6,7.14,9.26,31,29,44,20,39,52,0
3.546,2.408,0.241,0.021,0.008,0.042,0.049,165,82.83,14.18,85.82,331,40.37,37.75,0.38,0.3,0.34,1.6,7.14,9.26,31,29,44,20,39,52,1
3.546,2.408,0.241,0.021,0.008,0.042,0.049,165,82.83,14.18,85.82,331,40.37,37.75,0.38,0.3,0.34,1.6,7.14,9.26,31,29,44,20,39,52,1
3.546,2.408,0.241,0.021,0.008,0.042,0.049,165,82.83,14.18,85.82,331,40.37,37.75,0.38,0.3,0.34,1.6,7.14,9.26,31,29,44,20,39,52,1
3.546,2.408,0.241,0.021,0.008,0.042,0.049,165,82.83,14.18,85.82,331,40.37,37.75,0.38,0.3,0.34,1.6,7.14,9.26,31,29,44,20,39,52,1
3.92,2.83,0.43,0.002,0.004,0.16,0.056,158,79.87,62.93,37.07,305,40.57,38.28,0.38,0.3,0.34,1.6,7.1,9.25,34,30,31,20,38,51,0
3.488,2.425,0.271,0.014,0.008,0.27,0.047,198,81.03,62.93,37.07,305,40.57,38.28,0.38,0.3,0.34,1.6,7.1,9.25,34,30,31,20,38,51,1
3.488,2.425,0.271,0.014,0.008,0.27,0.047,198,81.03,62.93,37.07,305,40.57,38.28,0.38,0.3,0.34,1.6,7.1,9.25,34,30,31,20,38,51,1
3.488,2.425,0.271,0.014,0.008,0.27,0.047,198,81.03,62.93,37.07,305,40.57,38.28,0.38,0.3,0.34,1.6,7.1,9.25,34,30,31,20,38,51,1
3.488,2.425,0.271,0.014,0.008,0.27,0.047,198,81.03,62.93,37.07,305,40.57,38.28,0.38,0.3,0.34,1.6,7.1,9.25,34,30,31,20,38,51,1
3.109,1.89,0.621,0.12,0.004,0.4,0.07,223,83.29,68,10.29,451,37.2,38.42,0.36,0.32,0.34,1.56,7.25,9.4,34,35,38,20,35,55,0
3.521,2.526,0.444,0.01,0.01,0.713,0.044,252,83.29,89.71,10.29,451,37.2,38.42,0.36,0.32,0.34,1.56,7.25,9.4,34,35,38,20,35,55,1
3.521,2.526,0.444,0.01,0.01,0.713,0.044,252,83.29,89.71,10.29,451,37.2,38.42,0.36,0.32,0.34,1.56,7.25,9.4,34,35,38,20,35,55,1
3.521,2.526,0.444,0.01,0.01,0.713,0.044,252,83.29,89.71,10.29,451,37.2,38.42,0.36,0.32,0.34,1.56,7.25,9.4,34,35,38,20,35,55,1
3.521,2.526,0.444,0.01,0.01,0.713,0.044,252,83.29,89.71,10.29,451,37.2,38.42,0.36,0.32,0.34,1.56,7.25,9.4,34,35,38,20,35,55,1
3.021,2.891,0.458,0.022,0.023,0.633,0.025,156,70.23,88.52,11.48,150,40.37,37.75,0.36,0.28,0.32,1.52,7.35,9.25,39,31,48,20,38,51,0
3.397,2.488,0.458,0.013,0.008,0.633,0.046,235,82.27,88.52,11.48,277,40.37,37.75,0.36,0.28,0.32,1.52,7.35,9.25,39,31,48,20,38,51,0
3.397,2.488,0.458,0.013,0.008,0.633,0.046,235,82.27,88.52,11.48,277,40.37,37.75,0.36,0.28,0.32,1.52,7.35,9.25,39,31,48,20,38,51,1
3.397,2.488,0.458,0.013,0.008,0.633,0.046,235,82.27,88.52,11.48,277,40.37,37.75,0.36,0.28,0.32,1.52,7.35,9.25,39,31,48,20,38,51,1
3.397,2.488,0.458,0.013,0.008,0.633,0.046,235,82.27,88.52,11.48,277,40.37,37.75,0.36,0.28,0.32,1.52,7.35,9.25,39,31,48,20,38,51,1
3.397,2.488,0.458,0.013,0.008,0.633,0.046,235,82.27,88.52,11.48,277,40.37,37.75,0.36,0.28,0.32,1.52,7.35,9.25,39,31,48,20,38,51,1
3.152,2.823,0.451,0.012,0.024,0.67,0.023,234,70.25,85.19,14.81,250,40.37,37.75,0.36,0.28,0.3,1.5,7.25,9.2,31,30,40,20,38,55,0
3.85,2.12,0.43,0.052,0.003,0.67,0.056,241,84.44,39.14,33.58,273,37.2,38.42,0.36,0.32,0.32,1.64,7.4,9.34,37,32,33,20,35,55,0
3.9,2.81,0.42,0.054,0.036,0.7,0.056,159,79.54,52.9,47.1,269,40.57,38.28,0.38,0.3,0.34,1.62,7.26,9.18,33,29,36,20,38,51,0
3.469,2.464,0.451,0.012,0.008,0.61,0.049,234,84.21,85.19,14.81,338,40.37,37.75,0.36,0.28,0.3,1.5,7.25,9.2,31,30,40,20,38,55,0
3.333,2.315,0.358,0.018,0.008,0.284,0.05,200,84.44,66.41,33.58,273,37.2,38.42,0.36,0.32,0.32,1.64,7.4,9.34,37,32,33,20,35,55,1
3.404,2.45,0.308,0.014,0.008,0.308,0.049,186,83.59,52.9,47.1,269,40.57,38.28,0.38,0.3,0.34,1.62,7.26,9.18,33,29,36,20,38,51,1
3.469,2.464,0.451,0.012,0.008,0.61,0.049,234,84.21,85.19,14.81,338,40.37,37.75,0.36,0.28,0.3,1.5,7.25,9.2,31,30,40,20,38,55,1
3.333,2.315,0.358,0.018,0.008,0.284,0.05,200,84.44,66.41,33.58,273,37.2,38.42,0.36,0.32,0.32,1.64,7.4,9.34,37,32,33,20,35,55,1
3.404,2.45,0.308,0.014,0.008,0.308,0.049,186,83.59,52.9,47.1,269,40.57,38.28,0.38,0.3,0.34,1.62,7.26,9.18,33,29,36,20,38,51,1
3.469,2.464,0.451,0.012,0.008,0.61,0.049,234,84.21,85.19,14.81,338,40.37,37.75,0.36,0.28,0.3,1.5,7.25,9.2,31,30,40,20,38,55,1
3.333,2.315,0.358,0.018,0.008,0.284,0.05,200,84.44,66.41,33.58,273,37.2,38.42,0.36,0.32,0.32,1.64,7.4,9.34,37,32,33,20,35,55,1
3.404,2.45,0.308,0.014,0.008,0.308,0.049,186,83.59,52.9,47.1,269,40.57,38.28,0.38,0.3,0.34,1.62,7.26,9.18,33,29,36,20,38,51,1
3.469,2.464,0.451,0.012,0.008,0.61,0.049,234,84.21,85.19,14.81,338,40.37,37.75,0.36,0.28,0.3,1.5,7.25,9.2,31,30,40,20,38,55,1
3.333,2.315,0.358,0.018,0.008,0.284,0.05,200,84.44,66.41,33.58,273,37.2,38.42,0.36,0.32,0.32,1.64,7.4,9.34,37,32,33,20,35,55,1
3.404,2.45,0.308,0.014,0.008,0.308,0.049,186,83.59,52.9,47.1,269,40.57,38.28,0.38,0.3,0.34,1.62,7.26,9.18,33,29,36,20,38,51,1
3.469,2.464,0.451,0.012,0.008,0.61,0.049,234,84.21,85.19,14.81,338,40.37,37.75,0.36,0.28,0.3,1.5,7.25,9.2,31,30,40,20,38,55,1
3.19,2.75,0.14,0.004,0.036,0.132,0.029,159,84.18,62.56,71.2,257,37.2,38.42,0.36,0.32,0.3,1.52,7.35,9.45,39,31,53,20,37,50,0
2.98,2.81,0.14,0.004,0.035,0.69,0.056,241,79.66,54.2,45.81,353,40.57,38.28,0.38,0.3,0.32,1.52,7.2,9.3,37,28,32,20,36,55,0
3.13,2.12,0.13,0.004,0.003,0.1,0.054,243,76.08,60.19,39.82,303,40.37,37.75,0.36,0.28,0.32,1.56,7.2,9.15,38,29,40,20,35,54,0
3.268,2.448,0.317,0.013,0.008,0.279,0.054,192,84.18,62.56,37.44,257,37.2,38.42,0.36,0.32,0.3,1.52,7.35,9.45,39,31,53,20,37,50,1
3.38,2.65,0.309,0.012,0.008,0.304,0.05,190,83.3,54.2,45.81,353,40.57,38.28,0.38,0.3,0.32,1.52,7.2,9.3,37,28,32,20,36,55,1
3.505,2.424,0.336,0.013,0.008,0.328,0.047,202,80.05,60.19,39.82,303,40.37,37.75,0.36,0.28,0.32,1.56,7.2,9.15,38,29,40,20,35,54,1
3.268,2.448,0.317,0.013,0.008,0.279,0.054,192,84.18,62.56,37.44,257,37.2,38.42,0.36,0.32,0.3,1.52,7.35,9.45,39,31,53,20,37,50,1
3.38,2.65,0.309,0.012,0.008,0.304,0.05,190,83.3,54.2,45.81,353,40.57,38.28,0.38,0.3,0.32,1.52,7.2,9.3,37,28,32,20,36,55,1
3.505,2.424,0.336,0.013,0.008,0.328,0.047,202,80.05,60.19,39.82,303,40.37,37.75,0.36,0.28,0.32,1.56,7.2,9.15,38,29,40,20,35,54,1
3.268,2.448,0.317,0.013,0.008,0.279,0.054,192,84.18,62.56,37.44,257,37.2,38.42,0.36,0.32,0.3,1.52,7.35,9.45,39,31,53,20,37,50,1
3.38,2.65,0.309,0.012,0.008,0.304,0.05,190,83.3,54.2,45.81,353,40.57,38.28,0.38,0.3,0.32,1.52,7.2,9.3,37,28,32,20,36,55,1
3.505,2.424,0.336,0.013,0.008,0.328,0.047,202,80.05,60.19,39.82,303,40.37,37.75,0.36,0.28,0.32,1.56,7.2,9.15,38,29,40,20,35,54,1
3.268,2.448,0.317,0.013,0.008,0.279,0.054,192,84.18,62.56,37.44,257,37.2,38.42,0.36,0.32,0.3,1.52,7.35,9.45,39,31,53,20,37,50,1
3.38,2.65,0.309,0.012,0.008,0.304,0.05,190,83.3,54.2,45.81,353,40.57,38.28,0.38,0.3,0.32,1.52,7.2,9.3,37,28,32,20,36,55,1
3.505,2.424,0.336,0.013,0.008,0.328,0.047,202,80.05,60.19,39.82,303,40.37,37.75,0.36,0.28,0.32,1.56,7.2,9.15,38,29,40,20,35,54,1
3.703,2.198,0.099,0.052,0.004,0.202,0.061,168,79.2,18.3,81.7,299,37.2,38.42,0.36,0.32,0.3,1.52,7.35,9.45,39,31,53,19,37,50,0
3.443,2.57,0.29,0.011,0.008,0.03,0.05,168,87.63,18.3,81.7,299,37.2,38.42,0.36,0.32,0.3,1.52,7.35,9.45,39,31,53,19,37,50,1
3.443,2.57,0.29,0.011,0.008,0.03,0.05,168,87.63,18.3,81.7,299,37.2,38.42,0.36,0.32,0.3,1.52,7.35,9.45,39,31,53,19,37,50,1
3.443,2.57,0.29,0.011,0.008,0.03,0.05,168,87.63,18.3,81.7,299,37.2,38.42,0.36,0.32,0.3,1.52,7.35,9.45,39,31,53,19,37,50,1
3.443,2.57,0.29,0.011,0.008,0.03,0.05,168,87.63,18.3,81.7,299,37.2,38.42,0.36,0.32,0.3,1.52,7.35,9.45,39,31,53,19,37,50,1
3.89,2.82,0.51,0.053,0.39,0.69,0.056,243,83.52,39.75,43.66,309,40.57,38.28,0.38,0.3,0.34,1.6,7.1,9.25,34,30,31,19,38,51,0
3.15,2.76,0.14,0.054,0.003,0.12,0.056,203,79.87,69.29,30.72,240,40.37,37.75,0.38,0.3,0.34,1.6,7.14,9.26,31,29,44,19,39,52,0
3.309,2.498,0.304,0.011,0.008,0.304,0.047,187,83.52,56.35,43.66,309,40.57,38.28,0.38,0.3,0.34,1.6,7.1,9.25,34,30,31,19,38,51,1
3.342,2.444,0.284,0.01,0.008,0.268,0.049,203,82.72,69.29,30.72,240,40.37,37.75,0.38,0.3,0.34,1.6,7.14,9.26,31,29,44,19,39,52,1
3.309,2.498,0.304,0.011,0.008,0.304,0.047,187,83.52,56.35,43.66,309,40.57,38.28,0.38,0.3,0.34,1.6,7.1,9.25,34,30,31,19,38,51,1
3.342,2.444,0.284,0.01,0.008,0.268,0.049,203,82.72,69.29,30.72,240,40.37,37.75,0.38,0.3,0.34,1.6,7.14,9.26,31,29,44,19,39,52,1
3.309,2.498,0.304,0.011,0.008,0.304,0.047,187,83.52,56.35,43.66,309,40.57,38.28,0.38,0.3,0.34,1.6,7.1,9.25,34,30,31,19,38,51,1
3.342,2.444,0.284,0.01,0.008,0.268,0.049,203,82.72,69.29,30.72,240,40.37,37.75,0.38,0.3,0.34,1.6,7.14,9.26,31,29,44,19,39,52,1
3.309,2.498,0.304,0.011,0.008,0.304,0.047,187,83.52,56.35,43.66,309,40.57,38.28,0.38,0.3,0.34,1.6,7.1,9.25,34,30,31,19,38,51,1
3.342,2.444,0.284,0.01,0.008,0.268,0.049,203,82.72,69.29,30.72,240,40.37,37.75,0.38,0.3,0.34,1.6,7.14,9.26,31,29,44,19,39,52,1
3.886,2.106,0.384,0.003,0.004,0.004,0.046,156,85.95,6.26,93.74,312,40.37,37.75,0.36,0.28,0.3,1.5,7.25,9.2,31,30,40,19,38,55,0
3.12,2.13,0.14,0.004,0.036,0.76,0.057,243,84.04,64.43,35.56,204,40.57,38.28,0.38,0.3,0.34,1.62,7.26,9.18,33,29,36,19,38,51,0
3.586,2.406,0.284,0.013,0.008,0.069,0.046,156,85.95,6.26,93.74,312,40.37,37.75,0.36,0.28,0.3,1.5,7.25,9.2,31,30,40,19,38,55,0
3.287,2.511,0.258,0.01,0.008,0.304,0.041,202,84.04,64.43,35.56,204,40.57,38.28,0.38,0.3,0.34,1.62,7.26,9.18,33,29,36,19,38,51,1
3.586,2.406,0.284,0.013,0.008,0.069,0.046,156,85.95,6.26,93.74,312,40.37,37.75,0.36,0.28,0.3,1.5,7.25,9.2,31,30,40,19,38,55,1
3.287,2.511,0.258,0.01,0.008,0.304,0.041,202,84.04,64.43,35.56,204,40.57,38.28,0.38,0.3,0.34,1.62,7.26,9.18,33,29,36,19,38,51,1
3.586,2.406,0.284,0.013,0.008,0.069,0.046,156,85.95,6.26,93.74,312,40.37,37.75,0.36,0.28,0.3,1.5,7.25,9.2,31,30,40,19,38,55,1
3.287,2.511,0.258,0.01,0.008,0.304,0.041,202,84.04,64.43,35.56,204,40.57,38.28,0.38,0.3,0.34,1.62,7.26,9.18,33,29,36,19,38,51,1
3.586,2.406,0.284,0.013,0.008,0.069,0.046,156,85.95,6.26,93.74,312,40.37,37.75,0.36,0.28,0.3,1.5,7.25,9.2,31,30,40,19,38,55,1
3.287,2.511,0.258,0.01,0.008,0.304,0.041,202,84.04,64.43,35.56,204,40.57,38.28,0.38,0.3,0.34,1.62,7.26,9.18,33,29,36,19,38,51,1
3.586,2.406,0.284,0.013,0.008,0.069,0.046,156,85.95,6.26,93.74,312,40.37,37.75,0.36,0.28,0.3,1.5,7.25,9.2,31,30,40,19,38,55,1
3.323,2.598,0.425,0.012,0.008,0.648,0.054,242,83.86,89.93,10.07,331,40.37,37.75,0.36,0.28,0.3,1.5,7.25,9.2,31,30,40,18,38,55,0
3.323,2.598,0.425,0.012,0.008,0.648,0.054,242,83.86,89.93,10.07,331,40.37,37.75,0.36,0.28,0.3,1.5,7.25,9.2,31,30,40,18,38,55,1
3.323,2.598,0.425,0.012,0.008,0.648,0.054,242,83.86,89.93,10.07,331,40.37,37.75,0.36,0.28,0.3,1.5,7.25,9.2,31,30,40,18,38,55,1
3.323,2.598,0.425,0.012,0.008,0.648,0.054,242,83.86,89.93,10.07,331,40.37,37.75,0.36,0.28,0.3,1.5,7.25,9.2,31,30,40,18,38,55,1
3.323,2.598,0.425,0.012,0.008,0.648,0.054,242,83.86,89.93,10.07,331,40.37,37.75,0.36,0.28,0.3,1.5,7.25,9.2,31,30,40,18,38,55,1
3.12,2.86,0.65,0.09,0.04,0.9,0.07,238,78.98,87.97,12.03,271,40.57,38.28,0.38,0.3,0.34,1.62,7.26,9.18,33,29,36,18,38,51,0
3.463,2.7,0.338,0.013,0.008,0.581,0.052,238,81.5,87.97,12.03,271,40.57,38.28,0.38,0.3,0.34,1.62,7.26,9.18,33,29,36,18,38,51,1
3.463,2.7,0.338,0.013,0.008,0.581,0.052,238,81.5,87.97,12.03,271,40.57,38.28,0.38,0.3,0.34,1.62,7.26,9.18,33,29,36,18,38,51,1
3.463,2.7,0.338,0.013,0.008,0.581,0.052,238,81.5,87.97,12.03,271,40.57,38.28,0.38,0.3,0.34,1.62,7.26,9.18,33,29,36,18,38,51,1
3.463,2.7,0.338,0.013,0.008,0.581,0.052,238,81.5,87.97,12.03,271,40.57,38.28,0.38,0.3,0.34,1.62,7.26,9.18,33,29,36,18,38,51,1
3.85,2.81,0.14,0.004,0.035,0.65,0.059,195,82.15,46.41,73,262,37.2,38.42,0.36,0.32,0.3,1.52,7.35,9.45,39,31,53,18,37,50,0
3.405,2.507,0.24,0.012,0.008,0.28,0.042,195,82.15,46.41,53.59,262,37.2,38.42,0.36,0.32,0.3,1.52,7.35,9.45,39,31,53,18,37,50,1
3.405,2.507,0.24,0.012,0.008,0.28,0.042,195,82.15,46.41,53.59,262,37.2,38.42,0.36,0.32,0.3,1.52,7.35,9.45,39,31,53,18,37,50,1
3.405,2.507,0.24,0.012,0.008,0.28,0.042,195,82.15,46.41,53.59,262,37.2,38.42,0.36,0.32,0.3,1.52,7.35,9.45,39,31,53,18,37,50,1
3.405,2.507,0.24,0.012,0.008,0.28,0.042,195,82.15,46.41,53.59,262,37.2,38.42,0.36,0.32,0.3,1.52,7.35,9.45,39,31,53,18,37,50,1
3.15,2.82,0.62,0.09,0.04,0.89,0.07,272,79.2,83.08,16.92,270,40.57,38.28,0.38,0.3,0.34,1.6,7.1,9.25,34,30,31,18,38,51,0
3.198,2.714,0.316,0.062,0.032,0.204,0.064,182,88.3,26.76,90.22,277,40.57,38.28,0.38,0.3,0.34,1.6,7.14,9.26,31,29,44,18,39,52,0
3.273,2.477,0.347,0.01,0.008,0.62,0.044,233,81.48,83.08,16.92,270,40.57,38.28,0.38,0.3,0.34,1.6,7.1,9.25,34,30,31,18,38,51,1
3.409,2.404,0.258,0.016,0.008,0.063,0.042,160,88.3,9.78,90.22,277,40.57,38.28,0.38,0.3,0.34,1.6,7.14,9.26,31,29,44,18,39,52,1
3.273,2.477,0.347,0.01,0.008,0.62,0.044,233,81.48,83.08,16.92,270,40.57,38.28,0.38,0.3,0.34,1.6,7.1,9.25,34,30,31,18,38,51,1
3.409,2.404,0.258,0.016,0.008,0.063,0.042,160,88.3,9.78,90.22,277,40.57,38.28,0.38,0.3,0.34,1.6,7.14,9.26,31,29,44,18,39,52,1
3.273,2.477,0.347,0.01,0.008,0.62,0.044,233,81.48,83.08,16.92,270,40.57,38.28,0.38,0.3,0.34,1.6,7.1,9.25,34,30,31,18,38,51,1
3.409,2.404,0.258,0.016,0.008,0.063,0.042,160,88.3,9.78,90.22,277,40.57,38.28,0.38,0.3,0.34,1.6,7.14,9.26,31,29,44,18,39,52,1
3.273,2.477,0.347,0.01,0.008,0.62,0.044,233,81.48,83.08,16.92,270,40.57,38.28,0.38,0.3,0.34,1.6,7.1,9.25,34,30,31,18,38,51,1
3.409,2.404,0.258,0.016,0.008,0.063,0.042,160,88.3,9.78,90.22,277,40.57,38.28,0.38,0.3,0.34,1.6,7.14,9.26,31,29,44,18,39,52,1
3.164,2.844,0.57,0.002,0.002,0.723,0.045,201,77.9,64.62,35.39,230,40.37,37.75,0.36,0.28,0.3,1.5,7.25,9.2,31,30,40,17,38,55,0
3.76,2.8,0.54,0.09,0.04,0.89,0.07,189,87.28,61.58,38.42,145,40.57,38.28,0.38,0.3,0.34,1.62,7.26,9.18,33,29,36,17,38,51,0
3.364,2.444,0.374,0.014,0.008,0.323,0.045,201,82.9,64.62,35.39,230,40.37,37.75,0.36,0.28,0.3,1.5,7.25,9.2,31,30,40,17,38,55,0
3.65,2.5,0.37,0.02,0.015,0.64,0.052,228,87.28,61.58,38.42,165,40.57,38.28,0.38,0.3,0.34,1.62,7.26,9.18,33,29,36,17,38,51,1
3.364,2.444,0.374,0.014,0.008,0.323,0.045,201,82.9,64.62,35.39,230,40.37,37.75,0.36,0.28,0.3,1.5,7.25,9.2,31,30,40,17,38,55,1
3.65,2.5,0.37,0.02,0.015,0.64,0.052,228,87.28,61.58,38.42,165,40.57,38.28,0.38,0.3,0.34,1.62,7.26,9.18,33,29,36,17,38,51,1
3.364,2.444,0.374,0.014,0.008,0.323,0.045,201,82.9,64.62,35.39,230,40.37,37.75,0.36,0.28,0.3,1.5,7.25,9.2,31,30,40,17,38,55,1
3.65,2.5,0.37,0.02,0.015,0.64,0.052,228,87.28,61.58,38.42,165,40.57,38.28,0.38,0.3,0.34,1.62,7.26,9.18,33,29,36,17,38,51,1
3.364,2.444,0.374,0.014,0.008,0.323,0.045,201,82.9,64.62,35.39,230,40.37,37.75,0.36,0.28,0.3,1.5,7.25,9.2,31,30,40,17,38,55,1
3.65,2.5,0.37,0.02,0.015,0.64,0.052,228,87.28,61.58,38.42,165,40.57,38.28,0.38,0.3,0.34,1.62,7.26,9.18,33,29,36,17,38,51,1
3.364,2.444,0.374,0.014,0.008,0.323,0.045,201,82.9,64.62,35.39,230,40.37,37.75,0.36,0.28,0.3,1.5,7.25,9.2,31,30,40,17,38,55,1
3.87,2.19,0.45,0.051,0.032,0.72,0.029,243,81.21,69.73,30.28,149,37.2,38.42,0.36,0.32,0.3,1.52,7.35,9.45,39,31,53,17,37,50,0
3.469,2.45,0.308,0.012,0.008,0.257,0.041,204,81.21,69.73,30.28,295,37.2,38.42,0.36,0.32,0.3,1.52,7.35,9.45,39,31,53,17,37,50,1
3.469,2.45,0.308,0.012,0.008,0.257,0.041,204,81.21,69.73,30.28,295,37.2,38.42,0.36,0.32,0.3,1.52,7.35,9.45,39,31,53,17,37,50,1
3.469,2.45,0.308,0.012,0.008,0.257,0.041,204,81.21,69.73,30.28,295,37.2,38.42,0.36,0.32,0.3,1.52,7.35,9.45,39,31,53,17,37,50,1
3.469,2.45,0.308,0.012,0.008,0.257,0.041,204,81.21,69.73,30.28,295,37.2,38.42,0.36,0.32,0.3,1.52,7.35,9.45,39,31,53,17,37,50,1
3.198,2.197,0.096,0.053,0.003,0.204,0.062,182,78.54,9,91,279,40.57,38.28,0.38,0.3,0.34,1.6,7.1,9.25,34,30,31,17,38,51,0
3.11,2.15,0.41,0.051,0.034,0.71,0.056,186,86.7,51.95,48.05,239,40.57,38.28,0.38,0.3,0.34,1.6,7.14,9.26,31,29,44,17,39,52,0
3.509,2.533,0.23,0.015,0.008,0.052,0.049,159,84.7,9,91,279,40.57,38.28,0.38,0.3,0.34,1.6,7.1,9.25,34,30,31,17,38,51,1
3.385,2.551,0.39,0.015,0.008,0.294,0.049,186,83.94,51.95,48.05,239,40.57,38.28,0.38,0.3,0.34,1.6,7.14,9.26,31,29,44,17,39,52,1
3.509,2.533,0.23,0.015,0.008,0.052,0.049,159,84.7,9,91,279,40.57,38.28,0.38,0.3,0.34,1.6,7.1,9.25,34,30,31,17,38,51,1
3.385,2.551,0.39,0.015,0.008,0.294,0.049,186,83.94,51.95,48.05,239,40.57,38.28,0.38,0.3,0.34,1.6,7.14,9.26,31,29,44,17,39,52,1
3.509,2.533,0.23,0.015,0.008,0.052,0.049,159,84.7,9,91,279,40.57,38.28,0.38,0.3,0.34,1.6,7.1,9.25,34,30,31,17,38,51,1
3.385,2.551,0.39,0.015,0.008,0.294,0.049,186,83.94,51.95,48.05,239,40.57,38.28,0.38,0.3,0.34,1.6,7.14,9.26,31,29,44,17,39,52,1
3.509,2.533,0.23,0.015,0.008,0.052,0.049,159,84.7,9,91,279,40.57,38.28,0.38,0.3,0.34,1.6,7.1,9.25,34,30,31,17,38,51,1
3.385,2.551,0.39,0.015,0.008,0.294,0.049,186,83.94,51.95,48.05,239,40.57,38.28,0.38,0.3,0.34,1.6,7.14,9.26,31,29,44,17,39,52,1
3.12,2.14,0.14,0.004,0.003,0.1,0.028,241,78.98,55.97,44.03,227,40.57,38.28,0.38,0.3,0.34,1.6,7.14,9.26,31,29,44,16,39,52,0
3.37,2.531,0.4,0.011,0.008,0.281,0.05,189,82.26,55.97,44.03,227,40.57,38.28,0.38,0.3,0.34,1.6,7.14,9.26,31,29,44,16,39,52,1
3.37,2.531,0.4,0.011,0.008,0.281,0.05,189,82.26,55.97,44.03,227,40.57,38.28,0.38,0.3,0.34,1.6,7.14,9.26,31,29,44,16,39,52,1
3.37,2.531,0.4,0.011,0.008,0.281,0.05,189,82.26,55.97,44.03,227,40.57,38.28,0.38,0.3,0.34,1.6,7.14,9.26,31,29,44,16,39,52,1
3.37,2.531,0.4,0.011,0.008,0.281,0.05,189,82.26,55.97,44.03,227,40.57,38.28,0.38,0.3,0.34,1.6,7.14,9.26,31,29,44,16,39,52,1
3.103,2.79,0.13,0.056,0.032,0.69,0.056,242,86.3,38.98,34.26,334,40.57,38.28,0.38,0.3,0.34,1.6,7.1,9.25,34,30,31,16,38,51,0
3.309,2.61,0.377,0.008,0.008,0.358,0.046,204,86.3,65.74,34.26,334,40.57,38.28,0.38,0.3,0.34,1.6,7.1,9.25,34,30,31,16,38,51,1
3.309,2.61,0.377,0.008,0.008,0.358,0.046,204,86.3,65.74,34.26,334,40.57,38.28,0.38,0.3,0.34,1.6,7.1,9.25,34,30,31,16,38,51,1
3.309,2.61,0.377,0.008,0.008,0.358,0.046,204,86.3,65.74,34.26,334,40.57,38.28,0.38,0.3,0.34,1.6,7.1,9.25,34,30,31,16,38,51,1
3.309,2.61,0.377,0.008,0.008,0.358,0.046,204,86.3,65.74,34.26,334,40.57,38.28,0.38,0.3,0.34,1.6,7.1,9.25,34,30,31,16,38,51,1
3.13,2.82,0.46,0.056,0.036,0.72,0.057,158,84.07,72.29,73.2,298,40.57,38.28,0.38,0.3,0.34,1.62,7.26,9.18,33,29,36,16,38,51,0
3.373,2.557,0.3,0.013,0.008,0.306,0.038,209,82.74,75.09,24.91,195,40.37,37.75,0.36,0.28,0.3,1.5,7.25,9.2,31,30,40,16,38,55,0
3.376,2.7,0.298,0.013,0.008,0.382,0.047,209,84.07,72.29,27.7,298,40.57,38.28,0.38,0.3,0.34,1.62,7.26,9.18,33,29,36,16,38,51,1
3.373,2.557,0.3,0.013,0.008,0.306,0.038,209,82.74,75.09,24.91,195,40.37,37.75,0.36,0.28,0.3,1.5,7.25,9.2,31,30,40,16,38,55,1
3.376,2.7,0.298,0.013,0.008,0.382,0.047,209,84.07,72.29,27.7,298,40.57,38.28,0.38,0.3,0.34,1.62,7.26,9.18,33,29,36,16,38,51,1
3.373,2.557,0.3,0.013,0.008,0.306,0.038,209,82.74,75.09,24.91,195,40.37,37.75,0.36,0.28,0.3,1.5,7.25,9.2,31,30,40,16,38,55,1
3.376,2.7,0.298,0.013,0.008,0.382,0.047,209,84.07,72.29,27.7,298,40.57,38.28,0.38,0.3,0.34,1.62,7.26,9.18,33,29,36,16,38,51,1
3.373,2.557,0.3,0.013,0.008,0.306,0.038,209,82.74,75.09,24.91,195,40.37,37.75,0.36,0.28,0.3,1.5,7.25,9.2,31,30,40,16,38,55,1
3.376,2.7,0.298,0.013,0.008,0.382,0.047,209,84.07,72.29,27.7,298,40.57,38.28,0.38,0.3,0.34,1.62,7.26,9.18,33,29,36,16,38,51,1
3.373,2.557,0.3,0.013,0.008,0.306,0.038,209,82.74,75.09,24.91,195,40.37,37.75,0.36,0.28,0.3,1.5,7.25,9.2,31,30,40,16,38,55,1
3.19,2.801,0.43,0.004,0.032,0.13,0.056,202,79.21,67.15,71.1,263,37.2,38.42,0.36,0.32,0.3,1.52,7.35,9.45,39,31,53,16,37,50,0
3.413,2.453,0.328,0.011,0.008,0.281,0.053,202,83.83,67.15,32.84,263,37.2,38.42,0.36,0.32,0.3,1.52,7.35,9.45,39,31,53,16,37,50,1
3.413,2.453,0.328,0.011,0.008,0.281,0.053,202,83.83,67.15,32.84,263,37.2,38.42,0.36,0.32,0.3,1.52,7.35,9.45,39,31,53,16,37,50,1
3.413,2.453,0.328,0.011,0.008,0.281,0.053,202,83.83,67.15,32.84,263,37.2,38.42,0.36,0.32,0.3,1.52,7.35,9.45,39,31,53,16,37,50,1
3.413,2.453,0.328,0.011,0.008,0.281,0.053,202,83.83,67.15,32.84,263,37.2,38.42,0.36,0.32,0.3,1.52,7.35,9.45,39,31,53,16,37,50,1
3.78,2.79,0.59,0.006,0.04,0.45,0.02,230,79.87,77.57,22.43,299,40.57,38.28,0.38,0.3,0.34,1.6,7.1,9.25,34,30,31,15,38,51,0
3.76,2.8,0.64,0.09,0.05,0.92,0.07,189,79.65,77.43,22.57,237,40.57,38.28,0.38,0.3,0.34,1.6,7.14,9.26,31,29,44,15,39,52,0
3.38,2.506,0.356,0.014,0.008,0.575,0.049,230,84.71,77.57,22.43,299,40.57,38.28,0.38,0.3,0.34,1.6,7.1,9.25,34,30,31,15,38,51,1
3.408,2.595,0.414,0.011,0.009,0.565,0.038,231,80.62,77.43,22.57,237,40.57,38.28,0.38,0.3,0.34,1.6,7.14,9.26,31,29,44,15,39,52,1
3.38,2.506,0.356,0.014,0.008,0.575,0.049,230,84.71,77.57,22.43,299,40.57,38.28,0.38,0.3,0.34,1.6,7.1,9.25,34,30,31,15,38,51,1
3.408,2.595,0.414,0.011,0.009,0.565,0.038,231,80.62,77.43,22.57,237,40.57,38.28,0.38,0.3,0.34,1.6,7.14,9.26,31,29,44,15,39,52,1
3.38,2.506,0.356,0.014,0.008,0.575,0.049,230,84.71,77.57,22.43,299,40.57,38.28,0.38,0.3,0.34,1.6,7.1,9.25,34,30,31,15,38,51,1
3.408,2.595,0.414,0.011,0.009,0.565,0.038,231,80.62,77.43,22.57,237,40.57,38.28,0.38,0.3,0.34,1.6,7.14,9.26,31,29,44,15,39,52,1
3.38,2.506,0.356,0.014,0.008,0.575,0.049,230,84.71,77.57,22.43,299,40.57,38.28,0.38,0.3,0.34,1.6,7.1,9.25,34,30,31,15,38,51,1
3.408,2.595,0.414,0.011,0.009,0.565,0.038,231,80.62,77.43,22.57,237,40.57,38.28,0.38,0.3,0.34,1.6,7.14,9.26,31,29,44,15,39,52,1
3.143,2.78,0.42,0.002,0.036,0.73,0.042,241,78.54,52.71,47.3,302,37.2,38.42,0.38,0.3,0.34,1.6,7.1,9.25,34,30,31,14,38,51,0
3.354,2.392,0.273,0.011,0.008,0.294,0.048,192,81.52,52.71,47.3,302,37.2,38.42,0.38,0.3,0.34,1.6,7.1,9.25,34,30,31,14,38,51,1
3.354,2.392,0.273,0.011,0.008,0.294,0.048,192,81.52,52.71,47.3,302,37.2,38.42,0.38,0.3,0.34,1.6,7.1,9.25,34,30,31,14,38,51,1
3.354,2.392,0.273,0.011,0.008,0.294,0.048,192,81.52,52.71,47.3,302,37.2,38.42,0.38,0.3,0.34,1.6,7.1,9.25,34,30,31,14,38,51,1
3.354,2.392,0.273,0.011,0.008,0.294,0.048,192,81.52,52.71,47.3,302,37.2,38.42,0.38,0.3,0.34,1.6,7.1,9.25,34,30,31,14,38,51,1